timestamp,raw_gaze_x,raw_gaze_y,screen_target_x,screen_target_y
1779428164.1828322,0.39883,0.37308,100,100
1779428164.2095244,0.4088,0.35836,100,100
1779428164.2387023,0.403,0.39824,100,100
1779428164.2699275,0.4054,0.39644,100,100
1779428164.2942915,0.42119,0.39294,100,100
1779428164.3244746,0.40744,0.41781,100,100
1779428164.3567958,0.40129,0.42912,100,100
1779428164.3817446,0.40721,0.47257,100,100
1779428164.408863,0.40691,0.47926,100,100
1779428164.4391482,0.39246,0.46963,100,100
1779428164.466651,0.39268,0.46667,100,100
1779428164.5054371,0.40036,0.45106,100,100
1779428164.5351727,0.39619,0.44722,100,100
1779428164.582279,0.40593,0.4524,100,100
1779428164.6085336,0.40536,0.45616,100,100
1779428164.6506405,0.39955,0.45607,100,100
1779428164.6810005,0.39688,0.44832,100,100
1779428164.7152562,0.39335,0.45509,100,100
1779428164.739293,0.3921,0.45588,100,100
1779428164.7766218,0.39151,0.44505,100,100
1779428164.8035624,0.3909,0.44623,100,100
1779428164.8385816,0.3902,0.45706,100,100
1779428164.8689826,0.40343,0.4509,100,100
1779428164.905972,0.40419,0.46142,100,100
1779428164.9683943,0.40451,0.46219,100,100
1779428165.0263247,0.40127,0.4583,100,100
1779428165.0576675,0.40184,0.45637,100,100
1779428165.0898745,0.4074,0.4705,100,100
1779428165.1278024,0.40812,0.47243,100,100
1779428165.1544464,0.40134,0.47201,100,100
1779428165.1879342,0.40233,0.47145,100,100
1779428165.2209623,0.3945,0.47629,100,100
1779428165.243905,0.39245,0.47592,100,100
1779428165.2774043,0.39674,0.47092,100,100
1779428165.3051403,0.39851,0.47597,100,100
1779428165.3388293,0.40046,0.45935,100,100
1779428165.3679826,0.4013,0.46458,100,100
1779428165.3916845,0.40085,0.4592,100,100
1779428165.42778,0.40159,0.46523,100,100
1779428165.453902,0.40258,0.46587,100,100
1779428165.4874215,0.392,0.47155,100,100
1779428165.5205963,0.39271,0.47313,100,100
1779428165.5462449,0.39322,0.47291,100,100
1779428165.5778582,0.39094,0.45516,100,100
1779428165.6075904,0.39141,0.45818,100,100
1779428165.6425989,0.39011,0.46236,100,100
1779428165.6712081,0.40323,0.46363,100,100
1779428165.7044485,0.38973,0.44594,100,100
1779428165.7358148,0.38983,0.44715,100,100
1779428165.7675984,0.38938,0.45602,100,100
1779428165.7912872,0.39159,0.45555,100,100
1779428165.828041,0.40791,0.45852,100,100
1779428165.8528492,0.40744,0.45579,100,100
1779428165.892992,0.39436,0.45813,100,100
1779428165.9252732,0.39057,0.45287,100,100
1779428165.9594557,0.39516,0.45292,100,100
1779428165.9890683,0.39491,0.45542,100,100
1779428166.0260155,0.39814,0.44951,100,100
1779428166.053183,0.39866,0.45266,100,100
1779428166.0908532,0.40033,0.45578,100,100
1779428166.1167717,0.40279,0.45855,100,100
1779428167.1845806,0.40063,0.4385,100,320
1779428167.224638,0.40365,0.44945,100,320
1779428167.2538054,0.40407,0.45415,100,320
1779428167.2911696,0.40265,0.4526,100,320
1779428167.3211944,0.40408,0.45623,100,320
1779428167.3525934,0.40302,0.45109,100,320
1779428167.3750768,0.39707,0.44561,100,320
1779428167.4070575,0.39727,0.44229,100,320
1779428167.4351504,0.40145,0.4472,100,320
1779428167.461187,0.40377,0.44589,100,320
1779428167.4902158,0.40509,0.44295,100,320
1779428167.5478895,0.40071,0.44137,100,320
1779428167.5699859,0.39924,0.43713,100,320
1779428167.6074286,0.39355,0.43901,100,320
1779428167.6341338,0.40545,0.43914,100,320
1779428167.6712499,0.40638,0.44046,100,320
1779428167.693379,0.40288,0.43162,100,320
1779428167.754875,0.40926,0.4364,100,320
1779428167.7865515,0.40894,0.43557,100,320
1779428167.8195066,0.40519,0.42815,100,320
1779428167.8488514,0.40566,0.43116,100,320
1779428167.8738742,0.39334,0.43224,100,320
1779428167.9022636,0.4041,0.43196,100,320
1779428167.9455333,0.39214,0.4296,100,320
1779428167.9694738,0.40314,0.42882,100,320
1779428168.0056548,0.39547,0.42913,100,320
1779428168.0324688,0.40593,0.42253,100,320
1779428168.074598,0.40535,0.42244,100,320
1779428168.100178,0.40521,0.4242,100,320
1779428168.1350896,0.44577,0.13207,100,320
1779428168.163577,0.43912,0.21322,100,320
1779428168.1992383,0.47448,0.0,100,320
1779428168.2238493,0.46547,0.0,100,320
1779428168.2821543,0.41769,0.24641,100,320
1779428168.313441,0.41819,0.37052,100,320
1779428168.3537405,0.38383,0.34756,100,320
1779428168.381183,0.38303,0.37897,100,320
1779428168.4197805,0.38975,0.37555,100,320
1779428168.4446144,0.39858,0.38138,100,320
1779428168.4718182,0.39239,0.39557,100,320
1779428168.497124,0.40212,0.38749,100,320
1779428168.534445,0.39977,0.41103,100,320
1779428168.559847,0.40906,0.38657,100,320
1779428168.600783,0.40225,0.41129,100,320
1779428168.6274688,0.40641,0.40149,100,320
1779428168.6652586,0.39349,0.37975,100,320
1779428168.6882653,0.39277,0.41001,100,320
1779428168.7256274,0.39434,0.42533,100,320
1779428168.750088,0.40668,0.37272,100,320
1779428168.818336,0.39191,0.39414,100,320
1779428168.8472753,0.39843,0.37811,100,320
1779428168.8885293,0.40048,0.39638,100,320
1779428168.9216704,0.39046,0.38167,100,320
1779428168.9539905,0.40512,0.36361,100,320
1779428168.976612,0.4003,0.35596,100,320
1779428169.0064652,0.39395,0.36016,100,320
1779428169.0325139,0.4056,0.36683,100,320
1779428169.0705676,0.38933,0.40397,100,320
1779428169.0935147,0.39098,0.41068,100,320
1779428169.1268706,0.39302,0.39981,100,320
1779428169.1526577,0.39446,0.41068,100,320
1779428170.205163,0.40546,0.40969,100,540
1779428170.2518952,0.40794,0.43541,100,540
1779428170.3150527,0.39265,0.41377,100,540
1779428170.337658,0.39601,0.38874,100,540
1779428170.396695,0.39585,0.40665,100,540
1779428170.4200647,0.39987,0.42036,100,540
1779428170.4522412,0.39691,0.45417,100,540
1779428170.4728618,0.40299,0.41854,100,540
1779428170.5039113,0.39277,0.42538,100,540
1779428170.52989,0.40289,0.41904,100,540
1779428170.5549357,0.39185,0.42728,100,540
1779428170.5845475,0.40288,0.42081,100,540
1779428170.6078756,0.40487,0.39514,100,540
1779428170.6478946,0.40312,0.42028,100,540
1779428170.7160985,0.40368,0.42352,100,540
1779428170.7471535,0.40333,0.42666,100,540
1779428170.7771215,0.40097,0.41802,100,540
1779428170.8042176,0.40053,0.42109,100,540
1779428170.8574553,0.40346,0.38833,100,540
1779428170.8848627,0.3914,0.39802,100,540
1779428170.920964,0.39973,0.42341,100,540
1779428170.9482462,0.4021,0.40245,100,540
1779428170.9754038,0.39985,0.41904,100,540
1779428171.0059636,0.40215,0.3969,100,540
1779428171.0300512,0.39602,0.40854,100,540
1779428171.0569344,0.40007,0.40076,100,540
1779428171.1106906,0.40358,0.42158,100,540
1779428171.1363382,0.39659,0.39413,100,540
1779428171.1752489,0.39327,0.41482,100,540
1779428171.2005084,0.39342,0.41494,100,540
1779428171.239481,0.39496,0.41692,100,540
1779428171.264789,0.39344,0.41405,100,540
1779428171.3026752,0.39466,0.38759,100,540
1779428171.328192,0.40095,0.41489,100,540
1779428171.3873453,0.4053,0.38838,100,540
1779428171.4078677,0.41044,0.39524,100,540
1779428171.4495318,0.40465,0.38958,100,540
1779428171.4757712,0.40825,0.40419,100,540
1779428171.5264196,0.40074,0.37827,100,540
1779428171.549626,0.40314,0.39578,100,540
1779428171.5808172,0.40132,0.37487,100,540
1779428171.6034245,0.40168,0.3864,100,540
1779428171.6372375,0.39839,0.4076,100,540
1779428171.6680484,0.39956,0.37294,100,540
1779428171.7043667,0.40177,0.37009,100,540
1779428171.7312803,0.40052,0.40833,100,540
1779428171.765126,0.39838,0.43707,100,540
1779428171.7952237,0.40052,0.40581,100,540
1779428171.8363452,0.39589,0.40292,100,540
1779428171.8581374,0.40031,0.40135,100,540
1779428171.913841,0.39504,0.40297,100,540
1779428171.937395,0.3986,0.40589,100,540
1779428171.9764073,0.39847,0.43023,100,540
1779428172.003143,0.40578,0.40325,100,540
1779428172.039526,0.40122,0.42442,100,540
1779428172.06483,0.40913,0.41181,100,540
1779428172.101514,0.40528,0.43176,100,540
1779428172.1284397,0.40161,0.41044,100,540
1779428172.1656282,0.39153,0.42258,100,540
1779428172.1945717,0.40285,0.42798,100,540
1779428173.246797,0.39635,0.37324,100,760
1779428173.2933178,0.41036,0.35469,100,760
1779428173.317828,0.40439,0.34018,100,760
1779428173.3508177,0.4018,0.34587,100,760
1779428173.38221,0.40897,0.37483,100,760
1779428173.4142928,0.40023,0.41569,100,760
1779428173.4447055,0.40159,0.37813,100,760
1779428173.4996936,0.41464,0.37743,100,760
1779428173.565874,0.39042,0.37006,100,760
1779428173.593152,0.414,0.36329,100,760
1779428173.6159043,0.40121,0.36475,100,760
1779428173.6471627,0.4094,0.38876,100,760
1779428173.6726232,0.39634,0.35265,100,760
1779428173.696254,0.39776,0.38367,100,760
1779428173.7264993,0.39015,0.36714,100,760
1779428173.753943,0.41096,0.33187,100,760
1779428173.779471,0.40274,0.3604,100,760
1779428173.8084443,0.40352,0.36006,100,760
1779428173.8328648,0.40774,0.36507,100,760
1779428173.8614724,0.40373,0.36692,100,760
1779428173.8889468,0.40831,0.36618,100,760
1779428173.9268477,0.40964,0.36624,100,760
1779428173.9618545,0.40958,0.36391,100,760
1779428173.98914,0.40986,0.36513,100,760
1779428174.0168343,0.40819,0.36809,100,760
1779428174.048567,0.39713,0.36695,100,760
1779428174.069629,0.40618,0.3838,100,760
1779428174.0961535,0.39199,0.38919,100,760
1779428174.124129,0.39224,0.40813,100,760
1779428174.153408,0.39805,0.33139,100,760
1779428174.183698,0.40469,0.33658,100,760
1779428174.2533982,0.4079,0.38993,100,760
1779428174.279642,0.39901,0.38403,100,760
1779428174.312569,0.39767,0.38589,100,760
1779428174.3671265,0.39771,0.37098,100,760
1779428174.398132,0.41418,0.37086,100,760
1779428174.426938,0.39693,0.34171,100,760
1779428174.4583054,0.39222,0.36363,100,760
1779428174.4842818,0.39642,0.39608,100,760
1779428174.5093758,0.40496,0.36625,100,760
1779428174.5315554,0.39859,0.39143,100,760
1779428174.5612433,0.3986,0.36186,100,760
1779428174.590012,0.40094,0.36726,100,760
1779428174.6460938,0.39665,0.38856,100,760
1779428174.680753,0.39144,0.34654,100,760
1779428174.7111561,0.39549,0.39545,100,760
1779428174.7429252,0.39301,0.35924,100,760
1779428174.7947767,0.40606,0.36166,100,760
1779428174.8202343,0.39711,0.36498,100,760
1779428174.8503242,0.40496,0.35158,100,760
1779428174.8746147,0.39744,0.39117,100,760
1779428174.8985593,0.39635,0.37942,100,760
1779428174.9270558,0.40458,0.35291,100,760
1779428174.9562628,0.40268,0.36115,100,760
1779428175.0202925,0.41334,0.37558,100,760
1779428175.047758,0.41421,0.36859,100,760
1779428175.0805936,0.41257,0.36943,100,760
1779428175.1109297,0.41632,0.35097,100,760
1779428175.1484272,0.41487,0.39233,100,760
1779428175.1929042,0.41601,0.38353,100,760
1779428175.2249408,0.40029,0.36077,100,760
1779428176.2793427,0.4149,0.39361,100,980
1779428176.313845,0.4142,0.36044,100,980
1779428176.3439744,0.40356,0.39366,100,980
1779428176.3757105,0.40951,0.35722,100,980
1779428176.407541,0.40749,0.39528,100,980
1779428176.4415429,0.41413,0.35691,100,980
1779428176.4913504,0.41055,0.36522,100,980
1779428176.5147843,0.41656,0.36474,100,980
1779428176.5500238,0.4122,0.35853,100,980
1779428176.5761247,0.40662,0.36244,100,980
1779428176.599971,0.40423,0.34756,100,980
1779428176.645609,0.41272,0.33688,100,980
1779428176.6807203,0.40822,0.33923,100,980
1779428176.710356,0.40026,0.36887,100,980
1779428176.7446496,0.41405,0.35992,100,980
1779428176.7790854,0.4174,0.35834,100,980
1779428176.810133,0.40209,0.35431,100,980
1779428176.8371105,0.40286,0.34274,100,980
1779428176.8920302,0.40552,0.34303,100,980
1779428176.921116,0.40494,0.38171,100,980
1779428176.948717,0.40298,0.37883,100,980
1779428176.9781928,0.40165,0.37749,100,980
1779428177.0020845,0.40668,0.37165,100,980
1779428177.050303,0.40986,0.36701,100,980
1779428177.078655,0.40661,0.36742,100,980
1779428177.114107,0.40179,0.36184,100,980
1779428177.149633,0.40477,0.3598,100,980
1779428177.1762786,0.40232,0.36295,100,980
1779428177.208586,0.408,0.32991,100,980
1779428177.2397048,0.40779,0.33214,100,980
1779428177.2726014,0.40737,0.33385,100,980
1779428177.3187964,0.40149,0.34172,100,980
1779428177.3485372,0.40497,0.34089,100,980
1779428177.379169,0.40543,0.34626,100,980
1779428177.4081998,0.39761,0.34271,100,980
1779428177.4447904,0.40563,0.33691,100,980
1779428177.4786603,0.39901,0.34548,100,980
1779428177.512019,0.40109,0.34827,100,980
1779428177.5429082,0.40864,0.34401,100,980
1779428177.5765958,0.40182,0.33688,100,980
1779428177.6068377,0.40856,0.36854,100,980
1779428177.6428723,0.42087,0.26941,100,980
1779428177.6705263,0.43756,0.09142,100,980
1779428177.7005944,0.43312,0.19476,100,980
1779428177.7608333,0.42082,0.21578,100,980
1779428177.7905743,0.40876,0.32312,100,980
1779428177.8231573,0.41841,0.27219,100,980
1779428177.8578558,0.40712,0.34322,100,980
1779428177.8906763,0.40429,0.32739,100,980
1779428177.924662,0.41541,0.35776,100,980
1779428177.957131,0.41442,0.36297,100,980
1779428177.981205,0.40774,0.35445,100,980
1779428178.0108554,0.40527,0.3524,100,980
1779428178.0392153,0.4046,0.35566,100,980
1779428178.0726638,0.40778,0.35919,100,980
1779428178.1012905,0.40766,0.31968,100,980
1779428178.1364288,0.40836,0.31586,100,980
1779428178.1814535,0.40994,0.35305,100,980
1779428178.214509,0.40753,0.33668,100,980
1779428178.2451322,0.40292,0.34276,100,980
1779428178.2811058,0.41335,0.34887,100,980
1779428179.3373322,0.43265,0.33799,530,100
1779428179.372111,0.4316,0.32543,530,100
1779428179.3999667,0.44513,0.3488,530,100
1779428179.4444675,0.43364,0.35262,530,100
1779428179.4806118,0.44054,0.37229,530,100
1779428179.5100508,0.43598,0.32633,530,100
1779428179.544826,0.44347,0.35804,530,100
1779428179.5760262,0.45584,0.36863,530,100
1779428179.6091857,0.54053,0.32979,530,100
1779428179.640114,0.56239,0.38237,530,100
1779428179.6719768,0.54463,0.36294,530,100
1779428179.7045343,0.54384,0.36933,530,100
1779428179.737639,0.53548,0.37341,530,100
1779428179.7672098,0.52326,0.301,530,100
1779428179.8024504,0.54526,0.33905,530,100
1779428179.8453882,0.53173,0.3161,530,100
1779428179.876882,0.52099,0.35971,530,100
1779428179.9123569,0.53511,0.32668,530,100
1779428179.9449532,0.52971,0.33801,530,100
1779428179.975583,0.52934,0.34087,530,100
1779428180.009397,0.53156,0.35884,530,100
1779428180.040767,0.46134,0.30331,530,100
1779428180.0700862,0.43279,0.31634,530,100
1779428180.1026502,0.41871,0.30385,530,100
1779428180.136434,0.42684,0.32328,530,100
1779428180.1641984,0.42509,0.30199,530,100
1779428180.196416,0.44191,0.33219,530,100
1779428180.230171,0.43791,0.28339,530,100
1779428180.2807384,0.43526,0.31199,530,100
1779428180.3097162,0.42601,0.31084,530,100
1779428180.3420157,0.42606,0.32125,530,100
1779428180.3735049,0.43045,0.32264,530,100
1779428180.4065804,0.42979,0.33242,530,100
1779428180.4441495,0.43288,0.33613,530,100
1779428180.4726958,0.43539,0.34346,530,100
1779428180.5029159,0.42687,0.3333,530,100
1779428180.535176,0.4185,0.33414,530,100
1779428180.5688355,0.42081,0.33477,530,100
1779428180.5967612,0.42226,0.33655,530,100
1779428180.6290498,0.42785,0.3346,530,100
1779428180.6619196,0.43164,0.33547,530,100
1779428180.710884,0.43127,0.3302,530,100
1779428180.7439313,0.42415,0.33915,530,100
1779428180.77298,0.4228,0.35581,530,100
1779428180.8066554,0.424,0.36466,530,100
1779428180.838765,0.43299,0.35897,530,100
1779428180.8723545,0.42988,0.36565,530,100
1779428180.904542,0.4218,0.35536,530,100
1779428180.9326477,0.41599,0.35785,530,100
1779428180.9685028,0.42225,0.37276,530,100
1779428180.997083,0.42375,0.37602,530,100
1779428181.0295525,0.42051,0.35954,530,100
1779428181.0608113,0.42222,0.3654,530,100
1779428181.1003358,0.42506,0.32564,530,100
1779428181.1459992,0.41697,0.3229,530,100
1779428181.1726098,0.42369,0.35672,530,100
1779428181.2059515,0.43043,0.32835,530,100
1779428181.2409303,0.43285,0.36068,530,100
1779428181.2727828,0.42499,0.35682,530,100
1779428181.3067727,0.41914,0.32223,530,100
1779428182.3581684,0.41563,0.33304,530,320
1779428182.4110575,0.42726,0.33399,530,320
1779428182.4417753,0.4232,0.32348,530,320
1779428182.472759,0.42427,0.32767,530,320
1779428182.50308,0.4266,0.33021,530,320
1779428182.5370882,0.42771,0.35813,530,320
1779428182.5686924,0.42577,0.36386,530,320
1779428182.601666,0.42785,0.35772,530,320
1779428182.6275876,0.42637,0.37184,530,320
1779428182.66079,0.42749,0.32085,530,320
1779428182.6942236,0.4276,0.30535,530,320
1779428182.7272098,0.42454,0.36223,530,320
1779428182.757211,0.42256,0.34779,530,320
1779428182.7883549,0.41108,0.34681,530,320
1779428182.8423564,0.41262,0.31317,530,320
1779428182.8717065,0.41487,0.33197,530,320
1779428182.903129,0.41481,0.32826,530,320
1779428182.9381027,0.4126,0.29049,530,320
1779428182.9688954,0.4109,0.32588,530,320
1779428182.999292,0.41787,0.31366,530,320
1779428183.0329616,0.4274,0.32844,530,320
1779428183.0597157,0.42662,0.27971,530,320
1779428183.093424,0.42726,0.31634,530,320
1779428183.1262348,0.43463,0.32608,530,320
1779428183.1604624,0.43675,0.32011,530,320
1779428183.190058,0.42059,0.32075,530,320
1779428183.2375655,0.43638,0.30752,530,320
1779428183.274325,0.43252,0.31126,530,320
1779428183.3058434,0.4309,0.32389,530,320
1779428183.3346522,0.42312,0.31406,530,320
1779428183.367666,0.42762,0.32406,530,320
1779428183.3993044,0.42501,0.32697,530,320
1779428183.4277263,0.43833,0.31952,530,320
1779428183.465113,0.42782,0.31353,530,320
1779428183.4936073,0.42378,0.31572,530,320
1779428183.5247247,0.42866,0.32481,530,320
1779428183.5577033,0.42724,0.34549,530,320
1779428183.5887175,0.43326,0.34742,530,320
1779428183.6211693,0.42848,0.34344,530,320
1779428183.6751297,0.42354,0.31906,530,320
1779428183.7044408,0.41053,0.28399,530,320
1779428183.735136,0.41969,0.30764,530,320
1779428183.7668488,0.4289,0.313,530,320
1779428183.8008564,0.42342,0.30037,530,320
1779428183.8293056,0.4221,0.30248,530,320
1779428183.871904,0.42305,0.28966,530,320
1779428183.8926828,0.4218,0.28609,530,320
1779428183.9267702,0.42333,0.29136,530,320
1779428183.9598644,0.42204,0.29162,530,320
1779428183.9893107,0.42271,0.29091,530,320
1779428184.0211873,0.42041,0.28957,530,320
1779428184.056561,0.43034,0.2981,530,320
1779428184.107312,0.42575,0.29472,530,320
1779428184.1362698,0.42034,0.31489,530,320
1779428184.1690965,0.41517,0.31391,530,320
1779428184.2014127,0.42577,0.31626,530,320
1779428184.231702,0.42507,0.32422,530,320
1779428184.265256,0.4236,0.33879,530,320
1779428184.2930872,0.4257,0.33958,530,320
1779428184.3275476,0.42728,0.32665,530,320
1779428184.3617089,0.43045,0.32888,530,320
1779428185.4041193,0.4337,0.31656,530,540
1779428185.4332616,0.43453,0.32881,530,540
1779428185.4650285,0.42998,0.33133,530,540
1779428185.498726,0.42989,0.27555,530,540
1779428185.528966,0.43091,0.29803,530,540
1779428185.5590205,0.42868,0.30853,530,540
1779428185.5932417,0.42469,0.30807,530,540
1779428185.623901,0.44043,0.30414,530,540
1779428185.6557426,0.41723,0.3073,530,540
1779428185.6890125,0.42796,0.28869,530,540
1779428185.722114,0.43293,0.28871,530,540
1779428185.7532308,0.43847,0.32938,530,540
1779428185.8032045,0.42957,0.32553,530,540
1779428185.829879,0.44204,0.31054,530,540
1779428185.8640866,0.42549,0.30357,530,540
1779428185.8978322,0.42659,0.31935,530,540
1779428185.9244988,0.43106,0.32356,530,540
1779428185.9588745,0.43047,0.27905,530,540
1779428185.9913132,0.42148,0.3239,530,540
1779428186.0214024,0.42971,0.35826,530,540
1779428186.0526385,0.439,0.30756,530,540
1779428186.08788,0.43234,0.34823,530,540
1779428186.1200922,0.4328,0.28051,530,540
1779428186.1528406,0.43333,0.26527,530,540
1779428186.184958,0.42247,0.3426,530,540
1779428186.2733142,0.42712,0.30302,530,540
1779428186.3037663,0.42926,0.34663,530,540
1779428186.3262198,0.42254,0.30662,530,540
1779428186.3552144,0.41407,0.29604,530,540
1779428186.3865569,0.42428,0.33232,530,540
1779428186.4157765,0.41531,0.33509,530,540
1779428186.4362931,0.4242,0.32772,530,540
1779428186.4628441,0.43,0.31917,530,540
1779428186.4867039,0.42463,0.32012,530,540
1779428186.5227356,0.42934,0.31751,530,540
1779428186.5534823,0.41731,0.31643,530,540
1779428186.584402,0.42455,0.31728,530,540
1779428186.6763418,0.43278,0.32389,530,540
1779428186.709113,0.43373,0.32257,530,540
1779428186.749762,0.42644,0.32484,530,540
1779428186.7727487,0.43395,0.30701,530,540
1779428186.8040445,0.43073,0.312,530,540
1779428186.8296652,0.42427,0.31853,530,540
1779428186.8525167,0.42991,0.30946,530,540
1779428186.8855138,0.43324,0.31402,530,540
1779428186.9125576,0.43417,0.31196,530,540
1779428186.9345183,0.42419,0.32069,530,540
1779428186.9660597,0.41168,0.27264,530,540
1779428186.992729,0.41395,0.29539,530,540
1779428187.0681965,0.42946,0.30332,530,540
1779428187.1018822,0.42687,0.30207,530,540
1779428187.1284108,0.4281,0.3072,530,540
1779428187.1580899,0.42559,0.31844,530,540
1779428187.186765,0.41906,0.32957,530,540
1779428187.2071536,0.42183,0.29143,530,540
1779428187.2367616,0.43363,0.29766,530,540
1779428187.265156,0.4317,0.30107,530,540
1779428187.2899845,0.43671,0.30525,530,540
1779428187.3183923,0.42726,0.2903,530,540
1779428187.3533568,0.43167,0.29627,530,540
1779428187.3837643,0.42842,0.31543,530,540
1779428188.4252992,0.42535,0.31328,530,760
1779428188.4566355,0.43431,0.25326,530,760
1779428188.4853952,0.43134,0.30154,530,760
1779428188.51781,0.44944,0.28749,530,760
1779428188.5535376,0.4416,0.2944,530,760
1779428188.5858157,0.43306,0.29093,530,760
1779428188.6561852,0.44009,0.31513,530,760
1779428188.6887105,0.43766,0.35106,530,760
1779428188.7202008,0.43681,0.2992,530,760
1779428188.7556255,0.44374,0.28322,530,760
1779428188.7923007,0.44527,0.31001,530,760
1779428188.819031,0.44513,0.30477,530,760
1779428188.8453426,0.43397,0.29989,530,760
1779428188.868351,0.43786,0.31184,530,760
1779428188.8980718,0.44467,0.3152,530,760
1779428188.9301293,0.4411,0.32032,530,760
1779428188.9569433,0.44449,0.26845,530,760
1779428188.9825683,0.4428,0.30991,530,760
1779428189.05739,0.4367,0.3081,530,760
1779428189.0806334,0.44834,0.29305,530,760
1779428189.1172142,0.43149,0.32412,530,760
1779428189.1402812,0.43954,0.27183,530,760
1779428189.188433,0.44084,0.33405,530,760
1779428189.220881,0.4398,0.32627,530,760
1779428189.2524536,0.43534,0.3309,530,760
1779428189.2794065,0.41569,0.33485,530,760
1779428189.3158364,0.43992,0.35041,530,760
1779428189.342031,0.44243,0.33683,530,760
1779428189.3662772,0.44164,0.33348,530,760
1779428189.3952057,0.43138,0.33563,530,760
1779428189.4471908,0.43041,0.2911,530,760
1779428189.4805927,0.43498,0.27761,530,760
1779428189.5080512,0.42786,0.32427,530,760
1779428189.5446246,0.42581,0.26783,530,760
1779428189.5776472,0.41862,0.27629,530,760
1779428189.627668,0.43033,0.26569,530,760
1779428189.6532273,0.41655,0.26864,530,760
1779428189.6824791,0.44174,0.25338,530,760
1779428189.7101884,0.41468,0.31366,530,760
1779428189.7343752,0.43896,0.24879,530,760
1779428189.7667024,0.43449,0.26449,530,760
1779428189.7928195,0.43439,0.25466,530,760
1779428189.853934,0.43683,0.27448,530,760
1779428189.8818653,0.43544,0.26447,530,760
1779428189.9163322,0.43012,0.30612,530,760
1779428189.9715478,0.4396,0.25699,530,760
1779428189.9956896,0.44543,0.27433,530,760
1779428190.0254235,0.45285,0.27021,530,760
1779428190.0533314,0.43936,0.27047,530,760
1779428190.0828767,0.43949,0.26844,530,760
1779428190.1114316,0.44328,0.2524,530,760
1779428190.1378882,0.43959,0.25555,530,760
1779428190.1630142,0.43476,0.29786,530,760
1779428190.1929107,0.44261,0.30325,530,760
1779428190.247655,0.45401,0.30922,530,760
1779428190.2794738,0.43044,0.28619,530,760
1779428190.3125398,0.43542,0.33095,530,760
1779428190.3428187,0.43694,0.27564,530,760
1779428190.376881,0.43149,0.32112,530,760
1779428190.4107122,0.43974,0.30022,530,760
1779428191.486641,0.43153,0.33511,530,980
1779428191.515719,0.43958,0.2773,530,980
1779428191.544168,0.44937,0.2318,530,980
1779428191.5772765,0.44361,0.23961,530,980
1779428191.609933,0.44141,0.31394,530,980
1779428191.636895,0.44785,0.25879,530,980
1779428191.674561,0.4468,0.26226,530,980
1779428191.724465,0.45467,0.26889,530,980
1779428191.7514803,0.45714,0.23575,530,980
1779428191.782174,0.44703,0.24415,530,980
1779428191.8093028,0.45315,0.2607,530,980
1779428191.8454256,0.45242,0.26677,530,980
1779428191.8800118,0.44494,0.25674,530,980
1779428191.9262614,0.4378,0.26356,530,980
1779428191.9583,0.43677,0.27915,530,980
1779428191.9851599,0.4362,0.29443,530,980
1779428192.0123818,0.43971,0.28227,530,980
1779428192.0391574,0.44456,0.28021,530,980
1779428192.0724716,0.44145,0.29301,530,980
1779428192.1029043,0.44474,0.26465,530,980
1779428192.154625,0.44807,0.26858,530,980
1779428192.1830933,0.45082,0.27109,530,980
1779428192.2148898,0.45322,0.25307,530,980
1779428192.245087,0.45119,0.26726,530,980
1779428192.2798958,0.44709,0.25856,530,980
1779428192.3120143,0.44719,0.26063,530,980
1779428192.3447778,0.45316,0.26128,530,980
1779428192.3777602,0.44219,0.24808,530,980
1779428192.4081612,0.4455,0.25205,530,980
1779428192.4410353,0.44416,0.2646,530,980
1779428192.471177,0.42833,0.25427,530,980
1779428192.5005603,0.46319,0.17606,530,980
1779428192.5348618,0.50391,0.22766,530,980
1779428192.5898592,0.52323,0.2738,530,980
1779428192.6157343,0.53698,0.25849,530,980
1779428192.6448703,0.54517,0.26745,530,980
1779428192.6825166,0.54678,0.25642,530,980
1779428192.7156792,0.54582,0.27063,530,980
1779428192.7442176,0.54308,0.28769,530,980
1779428192.7785594,0.54963,0.27864,530,980
1779428192.8110693,0.53878,0.29869,530,980
1779428192.8363154,0.54685,0.30156,530,980
1779428192.867686,0.52973,0.30574,530,980
1779428192.9031188,0.527,0.27972,530,980
1779428192.9352098,0.50556,0.21736,530,980
1779428192.977531,0.5006,0.21613,530,980
1779428193.0160947,0.49547,0.25311,530,980
1779428193.0528781,0.47974,0.23297,530,980
1779428193.0821688,0.46686,0.25245,530,980
1779428193.1140604,0.47392,0.23675,530,980
1779428193.1466029,0.47746,0.26817,530,980
1779428193.1770303,0.48864,0.26001,530,980
1779428193.2082675,0.46079,0.26656,530,980
1779428193.2374902,0.46081,0.26932,530,980
1779428193.2685528,0.45024,0.29511,530,980
1779428193.299774,0.46754,0.28632,530,980
1779428193.3405619,0.45774,0.30368,530,980
1779428193.3645742,0.46847,0.31895,530,980
1779428193.417012,0.46981,0.2848,530,980
1779428193.4492223,0.47731,0.29834,530,980
1779428193.4784856,0.47923,0.27583,530,980
1779428194.5400836,0.48354,0.27455,960,100
1779428194.564401,0.48006,0.31825,960,100
1779428194.5962782,0.48243,0.27706,960,100
1779428194.6287978,0.49136,0.2727,960,100
1779428194.6622684,0.47844,0.28238,960,100
1779428194.7166784,0.47558,0.29104,960,100
1779428194.7436419,0.47534,0.30106,960,100
1779428194.7780175,0.47614,0.30617,960,100
1779428194.8075042,0.48123,0.30163,960,100
1779428194.8412137,0.47964,0.29218,960,100
1779428194.8729315,0.48,0.28727,960,100
1779428194.9020026,0.47569,0.30614,960,100
1779428194.9653506,0.4825,0.27888,960,100
1779428194.9952087,0.48021,0.28816,960,100
1779428195.0428247,0.48136,0.30291,960,100
1779428195.0666418,0.48389,0.28146,960,100
1779428195.0932174,0.48291,0.29454,960,100
1779428195.1192214,0.48394,0.32259,960,100
1779428195.1447058,0.47963,0.30943,960,100
1779428195.1758053,0.48555,0.30917,960,100
1779428195.208617,0.48318,0.32054,960,100
1779428195.2387898,0.48388,0.3043,960,100
1779428195.2687974,0.47096,0.30857,960,100
1779428195.300926,0.48852,0.29936,960,100
1779428195.3327453,0.4887,0.31319,960,100
1779428195.3659592,0.48983,0.34466,960,100
1779428195.3991182,0.49194,0.28287,960,100
1779428195.4294176,0.47488,0.2904,960,100
1779428195.4616468,0.47803,0.2713,960,100
1779428195.4951844,0.48683,0.26909,960,100
1779428195.5432348,0.47705,0.2726,960,100
1779428195.575299,0.47557,0.26936,960,100
1779428195.6077535,0.47716,0.28018,960,100
1779428195.6400065,0.47889,0.26669,960,100
1779428195.6733758,0.4825,0.34857,960,100
1779428195.7006445,0.48486,0.33448,960,100
1779428195.7332346,0.48479,0.29419,960,100
1779428195.7652032,0.48332,0.32893,960,100
1779428195.7967055,0.48626,0.31825,960,100
1779428195.832815,0.4853,0.30735,960,100
1779428195.8628101,0.4799,0.28567,960,100
1779428195.8938303,0.48152,0.30132,960,100
1779428195.9272053,0.46883,0.31226,960,100
1779428195.9781902,0.47944,0.28363,960,100
1779428196.0119977,0.47946,0.33534,960,100
1779428196.0461783,0.47908,0.29977,960,100
1779428196.077328,0.47319,0.29876,960,100
1779428196.1076639,0.47356,0.28243,960,100
1779428196.1360254,0.47358,0.29537,960,100
1779428196.1633813,0.47712,0.27264,960,100
1779428196.1964965,0.47636,0.31471,960,100
1779428196.2292094,0.47895,0.28936,960,100
1779428196.2637637,0.48698,0.28946,960,100
1779428196.298685,0.49133,0.2761,960,100
1779428196.3273518,0.47325,0.28703,960,100
1779428196.3620021,0.4839,0.29108,960,100
1779428196.4071195,0.48355,0.28352,960,100
1779428196.4404535,0.48519,0.27987,960,100
1779428196.4726546,0.47727,0.27535,960,100
1779428196.5034544,0.46809,0.28944,960,100
1779428197.5640125,0.46636,0.31317,960,320
1779428197.5964942,0.45981,0.28641,960,320
1779428197.6274703,0.48376,0.31278,960,320
1779428197.6738849,0.48009,0.3199,960,320
1779428197.7036645,0.47576,0.30583,960,320
1779428197.7394688,0.47634,0.30391,960,320
1779428197.769976,0.47829,0.29459,960,320
1779428197.8039446,0.47403,0.29021,960,320
1779428197.8336208,0.47322,0.30844,960,320
1779428197.865588,0.47308,0.29745,960,320
1779428197.899058,0.48535,0.29146,960,320
1779428197.930302,0.48226,0.33469,960,320
1779428197.9574943,0.48652,0.31979,960,320
1779428197.9904938,0.4862,0.32322,960,320
1779428198.0250201,0.47878,0.27893,960,320
1779428198.0582986,0.48415,0.31583,960,320
1779428198.1004627,0.47789,0.28423,960,320
1779428198.1365964,0.47326,0.28342,960,320
1779428198.1718242,0.4746,0.28892,960,320
1779428198.2044697,0.47202,0.29186,960,320
1779428198.2341745,0.48178,0.30771,960,320
1779428198.265366,0.47329,0.29343,960,320
1779428198.2957017,0.47653,0.30011,960,320
1779428198.3253891,0.47482,0.29839,960,320
1779428198.3590114,0.48047,0.30814,960,320
1779428198.3914723,0.48269,0.27216,960,320
1779428198.4283233,0.4844,0.27699,960,320
1779428198.4738808,0.48061,0.29152,960,320
1779428198.5141244,0.47951,0.31418,960,320
1779428198.5399761,0.47655,0.30869,960,320
1779428198.5670376,0.47384,0.30598,960,320
1779428198.5965009,0.47525,0.30505,960,320
1779428198.6308994,0.47945,0.31136,960,320
1779428198.6622744,0.48256,0.30983,960,320
1779428198.6963491,0.48672,0.32515,960,320
1779428198.7302253,0.47707,0.3179,960,320
1779428198.7590404,0.48356,0.31061,960,320
1779428198.7930183,0.48741,0.3124,960,320
1779428198.822519,0.48176,0.26987,960,320
1779428198.858532,0.46857,0.28109,960,320
1779428198.891461,0.48732,0.35367,960,320
1779428198.9388838,0.4876,0.30751,960,320
1779428198.967339,0.47728,0.28471,960,320
1779428199.0011187,0.47842,0.31022,960,320
1779428199.0292351,0.47806,0.30012,960,320
1779428199.0640597,0.47709,0.29817,960,320
1779428199.099029,0.48018,0.28655,960,320
1779428199.1254683,0.48721,0.33736,960,320
1779428199.1624045,0.47757,0.31901,960,320
1779428199.188992,0.49385,0.31221,960,320
1779428199.2251792,0.48795,0.31845,960,320
1779428199.2547143,0.47743,0.32079,960,320
1779428199.2904782,0.49209,0.31604,960,320
1779428199.318762,0.49016,0.3163,960,320
1779428199.3704805,0.48716,0.31708,960,320
1779428199.4052222,0.48363,0.31644,960,320
1779428199.4383557,0.48074,0.29884,960,320
1779428199.4679074,0.47612,0.30732,960,320
1779428199.4954753,0.47638,0.30858,960,320
1779428199.5264149,0.47995,0.3113,960,320
1779428200.587118,0.48033,0.29297,960,540
1779428200.6694918,0.49248,0.31362,960,540
1779428200.693635,0.49321,0.30341,960,540
1779428200.7249513,0.49744,0.29827,960,540
1779428200.7543108,0.4813,0.28071,960,540
1779428200.7856688,0.48251,0.29252,960,540
1779428200.8077128,0.47196,0.28139,960,540
1779428200.8412805,0.47113,0.27069,960,540
1779428200.8707032,0.47267,0.24455,960,540
1779428200.8929422,0.47444,0.30064,960,540
1779428200.9219944,0.47451,0.33704,960,540
1779428200.9521604,0.47689,0.29871,960,540
1779428200.9842987,0.47587,0.30443,960,540
1779428201.0692263,0.47687,0.279,960,540
1779428201.0952222,0.47956,0.26936,960,540
1779428201.1261394,0.48049,0.26798,960,540
1779428201.15079,0.48319,0.32179,960,540
1779428201.172649,0.48201,0.33203,960,540
1779428201.2028093,0.48291,0.32713,960,540
1779428201.2307787,0.47284,0.31207,960,540
1779428201.2592285,0.48508,0.29376,960,540
1779428201.288414,0.48616,0.2901,960,540
1779428201.3185823,0.48783,0.28937,960,540
1779428201.3517942,0.48806,0.29613,960,540
1779428201.3845022,0.48733,0.28503,960,540
1779428201.451695,0.48148,0.25499,960,540
1779428201.4979784,0.47475,0.30078,960,540
1779428201.5265088,0.47389,0.3066,960,540
1779428201.5544071,0.47368,0.30949,960,540
1779428201.578732,0.47043,0.30464,960,540
1779428201.6055663,0.47997,0.30261,960,540
1779428201.6345692,0.48873,0.2953,960,540
1779428201.6650698,0.48598,0.29729,960,540
1779428201.6894178,0.48247,0.29203,960,540
1779428201.7231529,0.48243,0.26017,960,540
1779428201.7505054,0.48879,0.31343,960,540
1779428201.782606,0.48798,0.27234,960,540
1779428201.8513348,0.48196,0.25004,960,540
1779428201.8976707,0.48258,0.26287,960,540
1779428201.9352787,0.4818,0.3084,960,540
1779428201.9570315,0.48227,0.31747,960,540
1779428201.9867885,0.4829,0.31189,960,540
1779428202.0134122,0.48157,0.2937,960,540
1779428202.0383308,0.48193,0.2921,960,540
1779428202.0641367,0.48176,0.29073,960,540
1779428202.0931537,0.48438,0.29375,960,540
1779428202.1212933,0.48402,0.3091,960,540
1779428202.1536722,0.48314,0.30411,960,540
1779428202.1852713,0.48407,0.2655,960,540
1779428202.2440603,0.48446,0.30488,960,540
1779428202.2756526,0.48706,0.3162,960,540
1779428202.3320396,0.48313,0.2683,960,540
1779428202.3604124,0.48144,0.3073,960,540
1779428202.3891563,0.48256,0.30522,960,540
1779428202.4154284,0.4885,0.31853,960,540
1779428202.4373765,0.48989,0.31463,960,540
1779428202.4663875,0.48642,0.32414,960,540
1779428202.488662,0.48583,0.26852,960,540
1779428202.520744,0.48263,0.28421,960,540
1779428202.55029,0.47729,0.26072,960,540
1779428203.6313083,0.46835,0.28147,960,760
1779428203.6529148,0.47952,0.26663,960,760
1779428203.6849542,0.48151,0.23554,960,760
1779428203.7175393,0.4774,0.28862,960,760
1779428203.748931,0.47721,0.28791,960,760
1779428203.7697027,0.47874,0.29632,960,760
1779428203.8036516,0.47716,0.28991,960,760
1779428203.8510804,0.48932,0.23649,960,760
1779428203.8825176,0.47396,0.24557,960,760
1779428203.9144266,0.47545,0.24304,960,760
1779428203.940654,0.48515,0.23502,960,760
1779428203.972851,0.48909,0.2982,960,760
1779428204.0218008,0.48694,0.23675,960,760
1779428204.0586934,0.47753,0.24556,960,760
1779428204.0837872,0.48512,0.2891,960,760
1779428204.1138165,0.4823,0.28572,960,760
1779428204.1407967,0.48078,0.28559,960,760
1779428204.166207,0.48054,0.27461,960,760
1779428204.195003,0.47957,0.2745,960,760
1779428204.253198,0.47933,0.29484,960,760
1779428204.2832658,0.47755,0.28205,960,760
1779428204.31315,0.47599,0.27162,960,760
1779428204.3408687,0.47339,0.28064,960,760
1779428204.3745418,0.47412,0.28266,960,760
1779428204.4054375,0.48573,0.30106,960,760
1779428204.4590955,0.4825,0.29328,960,760
1779428204.4883177,0.48139,0.22775,960,760
1779428204.5184555,0.48347,0.2314,960,760
1779428204.5510015,0.47213,0.2809,960,760
1779428204.5783617,0.47373,0.27794,960,760
1779428204.6041462,0.48233,0.26307,960,760
1779428204.647091,0.48115,0.24417,960,760
1779428204.6818385,0.48475,0.29785,960,760
1779428204.7121632,0.48109,0.29336,960,760
1779428204.740737,0.48425,0.3136,960,760
1779428204.7732086,0.48407,0.30742,960,760
1779428204.810137,0.49895,0.29667,960,760
1779428204.8413134,0.48614,0.28381,960,760
1779428204.8906019,0.47732,0.27471,960,760
1779428204.922682,0.48461,0.25714,960,760
1779428204.9491763,0.48325,0.25399,960,760
1779428204.980661,0.48945,0.24179,960,760
1779428205.0047534,0.49354,0.29417,960,760
1779428205.0502992,0.49572,0.279,960,760
1779428205.0791047,0.48943,0.27145,960,760
1779428205.1109457,0.47703,0.2818,960,760
1779428205.1449862,0.48552,0.29754,960,760
1779428205.1781993,0.48233,0.29085,960,760
1779428205.206047,0.48388,0.27985,960,760
1779428205.239229,0.48476,0.27244,960,760
1779428205.290674,0.48331,0.25635,960,760
1779428205.316161,0.47716,0.25093,960,760
1779428205.3518064,0.478,0.24468,960,760
1779428205.376846,0.48145,0.24193,960,760
1779428205.4026303,0.47899,0.23949,960,760
1779428205.4556131,0.48791,0.21559,960,760
1779428205.5001798,0.48023,0.27551,960,760
1779428205.5224864,0.47736,0.26445,960,760
1779428205.5484529,0.46879,0.25898,960,760
1779428205.5850298,0.47919,0.24337,960,760
1779428205.6118803,0.48241,0.24527,960,760
1779428206.649283,0.47679,0.21717,960,980
1779428206.6802914,0.47689,0.23458,960,980
1779428206.7127097,0.47081,0.22436,960,980
1779428206.744712,0.47058,0.23399,960,980
1779428206.7788107,0.47763,0.22358,960,980
1779428206.8045347,0.4646,0.22123,960,980
1779428206.8439732,0.46585,0.21536,960,980
1779428206.8778827,0.46841,0.24122,960,980
1779428206.9011111,0.46928,0.2379,960,980
1779428206.9358354,0.47901,0.25512,960,980
1779428206.9851277,0.47639,0.23949,960,980
1779428207.0180936,0.47296,0.22315,960,980
1779428207.046658,0.47844,0.22771,960,980
1779428207.080157,0.47709,0.24126,960,980
1779428207.1103008,0.47036,0.22553,960,980
1779428207.1425588,0.47394,0.2007,960,980
1779428207.1720417,0.47558,0.22334,960,980
1779428207.205494,0.47565,0.22502,960,980
1779428207.2360752,0.47461,0.21423,960,980
1779428207.2707868,0.4749,0.18381,960,980
1779428207.303497,0.48045,0.24854,960,980
1779428207.3336015,0.47746,0.25906,960,980
1779428207.3687372,0.48147,0.18744,960,980
1779428207.415056,0.46865,0.21048,960,980
1779428207.445552,0.46115,0.24449,960,980
1779428207.4811714,0.46246,0.26078,960,980
1779428207.5265608,0.47396,0.2546,960,980
1779428207.5495348,0.47551,0.24954,960,980
1779428207.5798943,0.47118,0.21852,960,980
1779428207.6096845,0.47079,0.25737,960,980
1779428207.638679,0.47089,0.25774,960,980
1779428207.6686697,0.47005,0.25046,960,980
1779428207.7015457,0.46945,0.25307,960,980
1779428207.7386985,0.47891,0.24117,960,980
1779428207.7696285,0.47811,0.26003,960,980
1779428207.8026865,0.47553,0.20579,960,980
1779428207.8480325,0.47471,0.26077,960,980
1779428207.8812883,0.46879,0.2424,960,980
1779428207.913793,0.47347,0.2322,960,980
1779428207.9489806,0.46918,0.22362,960,980
1779428207.975361,0.47979,0.21445,960,980
1779428208.0056949,0.48076,0.20864,960,980
1779428208.0421183,0.48039,0.19273,960,980
1779428208.0694933,0.47152,0.18787,960,980
1779428208.1020494,0.48194,0.18382,960,980
1779428208.1336975,0.4779,0.21547,960,980
1779428208.1682732,0.4786,0.2402,960,980
1779428208.2006733,0.4687,0.23387,960,980
1779428208.233568,0.45756,0.22209,960,980
1779428208.2811828,0.45697,0.19394,960,980
1779428208.312686,0.46861,0.19768,960,980
1779428208.3429918,0.47088,0.17942,960,980
1779428208.376934,0.46235,0.18188,960,980
1779428208.40949,0.46632,0.15808,960,980
1779428208.438046,0.47794,0.12777,960,980
1779428208.4740334,0.46787,0.13431,960,980
1779428208.5008764,0.46818,0.12802,960,980
1779428208.5339963,0.47524,0.18143,960,980
1779428208.5683029,0.4729,0.19669,960,980
1779428208.6003382,0.47412,0.15736,960,980
1779428208.6345565,0.47658,0.17529,960,980
1779428209.6766152,0.51998,0.3024,1390,100
1779428209.7008762,0.5151,0.28915,1390,100
1779428209.7370121,0.51634,0.30842,1390,100
1779428209.764418,0.5134,0.30647,1390,100
1779428209.8017156,0.51518,0.31009,1390,100
1779428209.8327823,0.50977,0.31679,1390,100
1779428209.8659284,0.51231,0.28333,1390,100
1779428209.9005957,0.52075,0.31621,1390,100
1779428209.9303327,0.51354,0.28093,1390,100
1779428209.9795008,0.51345,0.29115,1390,100
1779428210.0089946,0.50851,0.28866,1390,100
1779428210.0405655,0.51169,0.29923,1390,100
1779428210.0686295,0.51736,0.29703,1390,100
1779428210.1031504,0.50972,0.2984,1390,100
1779428210.1375399,0.50585,0.29376,1390,100
1779428210.1667242,0.51332,0.33807,1390,100
1779428210.1974108,0.51644,0.292,1390,100
1779428210.2298806,0.51558,0.2946,1390,100
1779428210.2610552,0.51784,0.29631,1390,100
1779428210.2993383,0.52738,0.30022,1390,100
1779428210.3313565,0.53085,0.30688,1390,100
1779428210.3799636,0.53229,0.30084,1390,100
1779428210.4087,0.52471,0.29625,1390,100
1779428210.4378495,0.52973,0.29759,1390,100
1779428210.4728525,0.52317,0.30245,1390,100
1779428210.5070927,0.53185,0.3036,1390,100
1779428210.54042,0.51303,0.30352,1390,100
1779428210.5661016,0.52224,0.30453,1390,100
1779428210.600268,0.51495,0.30258,1390,100
1779428210.6322837,0.51015,0.30742,1390,100
1779428210.6625369,0.51717,0.31127,1390,100
1779428210.6959171,0.51151,0.27603,1390,100
1779428210.7312784,0.52077,0.31052,1390,100
1779428210.7649145,0.52811,0.32502,1390,100
1779428210.8098059,0.52028,0.31698,1390,100
1779428210.8384993,0.52556,0.32182,1390,100
1779428210.8718598,0.52478,0.33477,1390,100
1779428210.9019933,0.51573,0.33335,1390,100
1779428210.9357529,0.52011,0.34274,1390,100
1779428210.9716196,0.51472,0.30486,1390,100
1779428210.998398,0.51599,0.34539,1390,100
1779428211.031146,0.50558,0.28808,1390,100
1779428211.06463,0.51472,0.3309,1390,100
1779428211.0957727,0.51871,0.27738,1390,100
1779428211.1298542,0.52209,0.33158,1390,100
1779428211.162216,0.5159,0.27799,1390,100
1779428211.1929007,0.51769,0.32922,1390,100
1779428211.241711,0.51424,0.32979,1390,100
1779428211.2735674,0.51602,0.32894,1390,100
1779428211.3011055,0.51433,0.32274,1390,100
1779428211.3328164,0.51493,0.32644,1390,100
1779428211.367611,0.51369,0.32498,1390,100
1779428211.4000778,0.51633,0.32336,1390,100
1779428211.4307964,0.51463,0.32294,1390,100
1779428211.4659932,0.51677,0.33172,1390,100
1779428211.4933035,0.52056,0.33044,1390,100
1779428211.5265841,0.52479,0.33538,1390,100
1779428211.5589066,0.51695,0.29166,1390,100
1779428211.590864,0.52318,0.33892,1390,100
1779428211.6262467,0.51983,0.30362,1390,100
1779428211.6688468,0.51225,0.29619,1390,100
1779428212.7262611,0.50006,0.33459,1390,320
1779428212.7605712,0.51438,0.3356,1390,320
1779428212.7906702,0.51128,0.33356,1390,320
1779428212.8241084,0.52001,0.33609,1390,320
1779428212.855577,0.51714,0.34018,1390,320
1779428212.8880105,0.51672,0.35102,1390,320
1779428212.9393513,0.51621,0.34879,1390,320
1779428212.9679475,0.51217,0.34726,1390,320
1779428212.99952,0.51075,0.34019,1390,320
1779428213.0299466,0.50178,0.35162,1390,320
1779428213.0622475,0.51428,0.34041,1390,320
1779428213.092883,0.51059,0.34745,1390,320
1779428213.128381,0.52433,0.32657,1390,320
1779428213.159609,0.5168,0.32505,1390,320
1779428213.1904185,0.52058,0.31979,1390,320
1779428213.2223346,0.51423,0.30628,1390,320
1779428213.254201,0.51752,0.30386,1390,320
1779428213.2877138,0.51646,0.30338,1390,320
1779428213.3210123,0.51892,0.28207,1390,320
1779428213.3720524,0.51615,0.27462,1390,320
1779428213.4010875,0.50975,0.27688,1390,320
1779428213.431923,0.51336,0.32349,1390,320
1779428213.4607365,0.51206,0.32818,1390,320
1779428213.4937816,0.50884,0.32595,1390,320
1779428213.5270572,0.50703,0.32595,1390,320
1779428213.5643158,0.50771,0.31433,1390,320
1779428213.6005058,0.50495,0.33141,1390,320
1779428213.6261668,0.50704,0.30722,1390,320
1779428213.6576905,0.50183,0.35329,1390,320
1779428213.687701,0.50401,0.33758,1390,320
1779428213.7212563,0.51238,0.33446,1390,320
1779428213.7661648,0.52067,0.32795,1390,320
1779428213.8030827,0.50292,0.33359,1390,320
1779428213.8328967,0.52648,0.32988,1390,320
1779428213.866245,0.52408,0.32269,1390,320
1779428213.893746,0.52755,0.3099,1390,320
1779428213.928671,0.52455,0.30926,1390,320
1779428213.9596438,0.51838,0.30535,1390,320
1779428213.9909544,0.52017,0.30544,1390,320
1779428214.0289876,0.52452,0.29486,1390,320
1779428214.0573182,0.51658,0.3136,1390,320
1779428214.0906758,0.51696,0.29962,1390,320
1779428214.120757,0.51866,0.31878,1390,320
1779428214.1499178,0.51522,0.30995,1390,320
1779428214.2033155,0.51757,0.3168,1390,320
1779428214.2367775,0.52195,0.30524,1390,320
1779428214.2642071,0.52111,0.30795,1390,320
1779428214.2948823,0.52031,0.30041,1390,320
1779428214.327199,0.52153,0.29764,1390,320
1779428214.3573225,0.5214,0.30299,1390,320
1779428214.3950496,0.51651,0.31045,1390,320
1779428214.4275405,0.52182,0.30117,1390,320
1779428214.4607012,0.51645,0.30458,1390,320
1779428214.4918835,0.51338,0.29644,1390,320
1779428214.5185554,0.50701,0.29674,1390,320
1779428214.5504317,0.50535,0.3039,1390,320
1779428214.5827627,0.51786,0.29534,1390,320
1779428214.6756194,0.52611,0.31805,1390,320
1779428214.7038264,0.52619,0.36502,1390,320
1779428215.754283,0.50779,0.31645,1390,540
1779428215.7860045,0.51784,0.32732,1390,540
1779428215.8528063,0.51974,0.34422,1390,540
1779428215.895861,0.51217,0.31088,1390,540
1779428215.9287148,0.52537,0.31025,1390,540
1779428215.9604602,0.51176,0.31314,1390,540
1779428215.9906566,0.52045,0.34487,1390,540
1779428216.0204325,0.5149,0.31499,1390,540
1779428216.0449471,0.50565,0.31853,1390,540
1779428216.0748386,0.50932,0.31189,1390,540
1779428216.101559,0.50961,0.31265,1390,540
1779428216.126218,0.51194,0.36216,1390,540
1779428216.1535652,0.50286,0.30778,1390,540
1779428216.1845777,0.49305,0.32344,1390,540
1779428216.253492,0.50671,0.32356,1390,540
1779428216.277022,0.51422,0.33089,1390,540
1779428216.3257031,0.50666,0.37386,1390,540
1779428216.3578274,0.50135,0.32936,1390,540
1779428216.3968694,0.50047,0.37558,1390,540
1779428216.4287202,0.497,0.33059,1390,540
1779428216.452729,0.50547,0.32614,1390,540
1779428216.484281,0.51893,0.33285,1390,540
1779428216.5104232,0.51581,0.33368,1390,540
1779428216.5368009,0.51689,0.33878,1390,540
1779428216.5625417,0.51638,0.32615,1390,540
1779428216.5887954,0.51572,0.37572,1390,540
1779428216.6543703,0.5143,0.35816,1390,540
1779428216.678763,0.51576,0.35904,1390,540
1779428216.7094548,0.51502,0.36092,1390,540
1779428216.7594182,0.51291,0.3213,1390,540
1779428216.7911723,0.51399,0.35819,1390,540
1779428216.8244605,0.51498,0.36692,1390,540
1779428216.8495944,0.51272,0.35997,1390,540
1779428216.8729303,0.51387,0.35802,1390,540
1779428216.8992658,0.51639,0.37182,1390,540
1779428216.9277558,0.51384,0.36779,1390,540
1779428216.9521465,0.51471,0.37309,1390,540
1779428216.9858432,0.51067,0.36184,1390,540
1779428217.0568936,0.50478,0.36453,1390,540
1779428217.082671,0.52799,0.36802,1390,540
1779428217.1137385,0.52497,0.36934,1390,540
1779428217.1649415,0.5197,0.35625,1390,540
1779428217.1919892,0.5134,0.35712,1390,540
1779428217.2263436,0.51464,0.35392,1390,540
1779428217.2633414,0.50992,0.35033,1390,540
1779428217.2927356,0.51905,0.35043,1390,540
1779428217.3263392,0.51622,0.34104,1390,540
1779428217.3564625,0.50283,0.32738,1390,540
1779428217.3904295,0.50437,0.32543,1390,540
1779428217.4222267,0.51227,0.31587,1390,540
1779428217.4544356,0.50723,0.30704,1390,540
1779428217.488417,0.51305,0.30609,1390,540
1779428217.520555,0.50334,0.32574,1390,540
1779428217.5548499,0.4951,0.31066,1390,540
1779428217.5957742,0.50214,0.31372,1390,540
1779428217.626618,0.50745,0.31622,1390,540
1779428217.6702652,0.50604,0.31379,1390,540
1779428217.7092695,0.49967,0.28268,1390,540
1779428217.7409515,0.51852,0.2865,1390,540
1779428218.7825124,0.50248,0.28579,1390,760
1779428218.805387,0.50517,0.31004,1390,760
1779428218.8578558,0.50496,0.30294,1390,760
1779428218.8867188,0.50296,0.30105,1390,760
1779428218.917107,0.50348,0.29838,1390,760
1779428218.9435866,0.50297,0.34735,1390,760
1779428218.9677963,0.51519,0.34686,1390,760
1779428218.9992523,0.51458,0.33814,1390,760
1779428219.0518963,0.50636,0.33287,1390,760
1779428219.0817142,0.50312,0.32732,1390,760
1779428219.1083312,0.49566,0.31408,1390,760
1779428219.1405532,0.50584,0.0531,1390,760
1779428219.1738348,0.4796,0.0,1390,760
1779428219.2069473,0.48366,0.0,1390,760
1779428219.2409663,0.49865,0.0,1390,760
1779428219.2905025,0.50176,0.0709,1390,760
1779428219.3214662,0.50696,0.17106,1390,760
1779428219.3487728,0.50561,0.11734,1390,760
1779428219.3777604,0.49303,0.2397,1390,760
1779428219.4087985,0.48955,0.24096,1390,760
1779428219.4489481,0.50047,0.338,1390,760
1779428219.48085,0.50606,0.27522,1390,760
1779428219.5098374,0.49616,0.31365,1390,760
1779428219.5417051,0.50843,0.32507,1390,760
1779428219.5729733,0.50403,0.31785,1390,760
1779428219.6057384,0.50659,0.32363,1390,760
1779428219.6398363,0.51384,0.31616,1390,760
1779428219.6752102,0.50369,0.31395,1390,760
1779428219.720703,0.48792,0.31973,1390,760
1779428219.749718,0.49321,0.31485,1390,760
1779428219.7827992,0.49509,0.31027,1390,760
1779428219.805606,0.49095,0.30592,1390,760
1779428219.8518295,0.49513,0.29715,1390,760
1779428219.8754287,0.49597,0.31053,1390,760
1779428219.9087138,0.50097,0.30662,1390,760
1779428219.9452088,0.49974,0.298,1390,760
1779428219.9759724,0.52384,0.29517,1390,760
1779428220.0089128,0.49748,0.27995,1390,760
1779428220.0462136,0.49953,0.29242,1390,760
1779428220.0773776,0.49686,0.28993,1390,760
1779428220.1076064,0.49529,0.2826,1390,760
1779428220.150027,0.49745,0.2678,1390,760
1779428220.1850142,0.49295,0.26459,1390,760
1779428220.2162833,0.505,0.26193,1390,760
1779428220.2511244,0.50558,0.2881,1390,760
1779428220.2808723,0.51706,0.27828,1390,760
1779428220.312629,0.50571,0.27614,1390,760
1779428220.3446062,0.5108,0.26437,1390,760
1779428220.3793902,0.49925,0.25757,1390,760
1779428220.4100142,0.51157,0.27362,1390,760
1779428220.4400337,0.50246,0.28165,1390,760
1779428220.475729,0.50342,0.27715,1390,760
1779428220.5084777,0.50174,0.26498,1390,760
1779428220.5522027,0.50483,0.26009,1390,760
1779428220.5826979,0.49536,0.26408,1390,760
1779428220.6083686,0.49424,0.26496,1390,760
1779428220.648601,0.50299,0.28017,1390,760
1779428220.6784844,0.50259,0.27361,1390,760
1779428220.71463,0.5041,0.31144,1390,760
1779428220.744771,0.49576,0.3121,1390,760
1779428220.7732964,0.50984,0.31081,1390,760
1779428221.8529606,0.50549,0.29505,1390,980
1779428221.8795586,0.48406,0.27689,1390,980
1779428221.913985,0.50181,0.23346,1390,980
1779428221.9471812,0.50555,0.25032,1390,980
1779428221.9723315,0.49935,0.28917,1390,980
1779428222.0125995,0.50899,0.29798,1390,980
1779428222.0379746,0.50871,0.2332,1390,980
1779428222.0779772,0.49837,0.2567,1390,980
1779428222.103249,0.51127,0.2809,1390,980
1779428222.1358943,0.50003,0.29753,1390,980
1779428222.1705866,0.4979,0.28741,1390,980
1779428222.202569,0.50049,0.29602,1390,980
1779428222.2467196,0.49368,0.29708,1390,980
1779428222.2834864,0.49707,0.27494,1390,980
1779428222.3111653,0.48575,0.3196,1390,980
1779428222.3455262,0.4664,0.0,1390,980
1779428222.3729813,0.45403,0.0,1390,980
1779428222.406943,0.47519,0.0,1390,980
1779428222.4407957,0.47728,0.0,1390,980
1779428222.4730992,0.49558,0.08903,1390,980
1779428222.5034862,0.5013,0.16893,1390,980
1779428222.532718,0.51182,0.25677,1390,980
1779428222.5675004,0.49169,0.24645,1390,980
1779428222.6008828,0.49783,0.28846,1390,980
1779428222.633412,0.49765,0.23775,1390,980
1779428222.6861067,0.50348,0.29939,1390,980
1779428222.7105896,0.50869,0.2582,1390,980
1779428222.7436106,0.50295,0.28122,1390,980
1779428222.7768784,0.50388,0.28384,1390,980
1779428222.806124,0.50403,0.29596,1390,980
1779428222.8412423,0.51224,0.25043,1390,980
1779428222.8752358,0.51365,0.32603,1390,980
1779428222.9041328,0.50253,0.27056,1390,980
1779428222.9326482,0.50464,0.32355,1390,980
1779428222.9675221,0.50318,0.27749,1390,980
1779428222.997986,0.50181,0.27321,1390,980
1779428223.0326233,0.5071,0.27803,1390,980
1779428223.0626578,0.49166,0.28281,1390,980
1779428223.117585,0.50038,0.27696,1390,980
1779428223.1447396,0.49842,0.28604,1390,980
1779428223.1775208,0.50084,0.27879,1390,980
1779428223.2060242,0.50061,0.29983,1390,980
1779428223.2386327,0.4949,0.30847,1390,980
1779428223.2705019,0.48934,0.26159,1390,980
1779428223.304727,0.50163,0.24243,1390,980
1779428223.3349037,0.50493,0.30397,1390,980
1779428223.3668225,0.51132,0.30383,1390,980
1779428223.401555,0.50854,0.31425,1390,980
1779428223.4303877,0.50825,0.30364,1390,980
1779428223.46219,0.49645,0.25575,1390,980
1779428223.4993584,0.49884,0.27263,1390,980
1779428223.5466383,0.50506,0.26782,1390,980
1779428223.578918,0.50444,0.31445,1390,980
1779428223.6089947,0.50517,0.2524,1390,980
1779428223.6391196,0.50643,0.32343,1390,980
1779428223.671805,0.50889,0.3248,1390,980
1779428223.7069983,0.49924,0.27502,1390,980
1779428223.7347877,0.50626,0.33113,1390,980
1779428223.7645342,0.50824,0.31855,1390,980
1779428223.80039,0.50426,0.31893,1390,980
1779428223.8348877,0.50254,0.28444,1390,980
1779428224.8684762,0.54651,0.34047,1820,100
1779428224.9006736,0.56243,0.3539,1820,100
1779428224.9332788,0.55984,0.32542,1820,100
1779428224.9656532,0.56728,0.33767,1820,100
1779428224.998492,0.56696,0.32998,1820,100
1779428225.0328517,0.5658,0.34574,1820,100
1779428225.0654354,0.56529,0.33773,1820,100
1779428225.0973141,0.56495,0.33434,1820,100
1779428225.1285877,0.56454,0.33238,1820,100
1779428225.1627426,0.56248,0.34232,1820,100
1779428225.1950383,0.57403,0.33984,1820,100
1779428225.2410436,0.5588,0.33601,1820,100
1779428225.2722058,0.55554,0.33739,1820,100
1779428225.3023083,0.55285,0.32756,1820,100
1779428225.3328357,0.56782,0.31438,1820,100
1779428225.365404,0.56958,0.32198,1820,100
1779428225.3982475,0.55768,0.32713,1820,100
1779428225.4293444,0.56793,0.33873,1820,100
1779428225.4623723,0.55562,0.33716,1820,100
1779428225.496,0.56369,0.33919,1820,100
1779428225.530179,0.56439,0.32753,1820,100
1779428225.5586486,0.56465,0.33664,1820,100
1779428225.5925446,0.56526,0.33387,1820,100
1779428225.6374624,0.55685,0.33757,1820,100
1779428225.6692362,0.56972,0.34118,1820,100
1779428225.7029326,0.55571,0.32896,1820,100
1779428225.733843,0.57349,0.34667,1820,100
1779428225.7647035,0.561,0.35837,1820,100
1779428225.7969074,0.55859,0.3581,1820,100
1779428225.8289506,0.56182,0.36028,1820,100
1779428225.8632746,0.5741,0.35643,1820,100
1779428225.894411,0.55903,0.33607,1820,100
1779428225.92844,0.56171,0.34523,1820,100
1779428225.9596055,0.55774,0.3382,1820,100
1779428225.9921477,0.56219,0.35501,1820,100
1779428226.0249996,0.55613,0.33969,1820,100
1779428226.0787065,0.56749,0.33376,1820,100
1779428226.1088848,0.56524,0.32198,1820,100
1779428226.1486645,0.57293,0.32415,1820,100
1779428226.1800067,0.56946,0.32184,1820,100
1779428226.2114868,0.57186,0.32557,1820,100
1779428226.2438054,0.56978,0.35908,1820,100
1779428226.2756126,0.56996,0.36449,1820,100
1779428226.3083777,0.55646,0.35765,1820,100
1779428226.3361897,0.57131,0.36161,1820,100
1779428226.3737266,0.57293,0.364,1820,100
1779428226.4050179,0.57265,0.36493,1820,100
1779428226.4373448,0.56947,0.37831,1820,100
1779428226.4677296,0.56777,0.36992,1820,100
1779428226.5025868,0.56584,0.38409,1820,100
1779428226.5388432,0.55663,0.34242,1820,100
1779428226.5757992,0.5701,0.34757,1820,100
1779428226.6066673,0.5543,0.35027,1820,100
1779428226.6383038,0.56604,0.30707,1820,100
1779428226.6729298,0.56761,0.35081,1820,100
1779428226.709361,0.57132,0.34735,1820,100
1779428226.740969,0.56211,0.35121,1820,100
1779428226.7687018,0.57726,0.35073,1820,100
1779428226.8117664,0.56489,0.36315,1820,100
1779428226.8416219,0.56935,0.36851,1820,100
1779428227.8945813,0.56988,0.37625,1820,320
1779428227.9271429,0.5615,0.34898,1820,320
1779428227.9607878,0.55537,0.34082,1820,320
1779428227.9942417,0.56654,0.34874,1820,320
1779428228.0252407,0.55715,0.31147,1820,320
1779428228.0575414,0.56349,0.31681,1820,320
1779428228.090669,0.55558,0.32605,1820,320
1779428228.1189375,0.57169,0.33223,1820,320
1779428228.1517622,0.57254,0.3285,1820,320
1779428228.2055922,0.5746,0.33325,1820,320
1779428228.2315142,0.57102,0.33334,1820,320
1779428228.263628,0.56892,0.32025,1820,320
1779428228.296197,0.56603,0.31695,1820,320
1779428228.3263958,0.56713,0.31668,1820,320
1779428228.3597088,0.55244,0.31638,1820,320
1779428228.39173,0.55632,0.3116,1820,320
1779428228.4241865,0.56541,0.331,1820,320
1779428228.4529436,0.55931,0.32579,1820,320
1779428228.4893224,0.55321,0.32612,1820,320
1779428228.5186603,0.54999,0.34347,1820,320
1779428228.550964,0.55751,0.34616,1820,320
1779428228.5825398,0.56432,0.34191,1820,320
1779428228.6683059,0.55686,0.34575,1820,320
1779428228.6985118,0.55674,0.34353,1820,320
1779428228.7336473,0.55435,0.3561,1820,320
1779428228.7645037,0.5638,0.36331,1820,320
1779428228.7932944,0.56056,0.37061,1820,320
1779428228.8244634,0.5598,0.34625,1820,320
1779428228.8552158,0.55176,0.3976,1820,320
1779428228.884304,0.56604,0.36534,1820,320
1779428228.913774,0.56465,0.36849,1820,320
1779428228.9576435,0.56742,0.3824,1820,320
1779428228.979865,0.56185,0.39129,1820,320
1779428229.0117052,0.54592,0.37808,1820,320
1779428229.0667598,0.57407,0.39192,1820,320
1779428229.092146,0.55845,0.39432,1820,320
1779428229.1183763,0.55748,0.39474,1820,320
1779428229.1424718,0.55775,0.39955,1820,320
1779428229.1787672,0.55637,0.38999,1820,320
1779428229.200621,0.55347,0.38863,1820,320
1779428229.2283614,0.56781,0.36808,1820,320
1779428229.2573981,0.55913,0.3616,1820,320
1779428229.2873852,0.55745,0.35597,1820,320
1779428229.316654,0.55562,0.35116,1820,320
1779428229.3516142,0.57236,0.36022,1820,320
1779428229.385849,0.55616,0.36047,1820,320
1779428229.4726355,0.56326,0.35825,1820,320
1779428229.5011604,0.5593,0.3613,1820,320
1779428229.5307467,0.55908,0.36415,1820,320
1779428229.5566187,0.57027,0.36657,1820,320
1779428229.5871809,0.56406,0.36127,1820,320
1779428229.6146138,0.56187,0.36294,1820,320
1779428229.6354177,0.55322,0.34926,1820,320
1779428229.6645303,0.56777,0.38694,1820,320
1779428229.6943743,0.54797,0.34453,1820,320
1779428229.7166882,0.56495,0.39465,1820,320
1779428229.7620032,0.55731,0.34934,1820,320
1779428229.7877157,0.54879,0.34656,1820,320
1779428229.8502975,0.56299,0.35829,1820,320
1779428229.8981845,0.57282,0.35916,1820,320
1779428230.9546363,0.53546,0.3173,1820,540
1779428230.9864302,0.55345,0.38427,1820,540
1779428231.0458765,0.55456,0.33475,1820,540
1779428231.0793943,0.55368,0.32811,1820,540
1779428231.1124089,0.55474,0.37179,1820,540
1779428231.1598792,0.55639,0.33479,1820,540
1779428231.1926088,0.55605,0.33231,1820,540
1779428231.2255416,0.55614,0.33322,1820,540
1779428231.2561815,0.5577,0.37969,1820,540
1779428231.2819803,0.55715,0.32339,1820,540
1779428231.310924,0.55286,0.3702,1820,540
1779428231.3390713,0.54877,0.32251,1820,540
1779428231.3633513,0.55052,0.33836,1820,540
1779428231.3877718,0.5488,0.32503,1820,540
1779428231.4513936,0.55403,0.33794,1820,540
1779428231.4792218,0.54253,0.34724,1820,540
1779428231.5096502,0.55163,0.33441,1820,540
1779428231.5438344,0.55042,0.33649,1820,540
1779428231.594011,0.55984,0.33393,1820,540
1779428231.6271226,0.55782,0.33564,1820,540
1779428231.655148,0.55831,0.33301,1820,540
1779428231.6800702,0.55946,0.33092,1820,540
1779428231.7066548,0.55839,0.32379,1820,540
1779428231.7318225,0.55636,0.32543,1820,540
1779428231.7659292,0.55886,0.32185,1820,540
1779428231.7976635,0.54568,0.32494,1820,540
1779428231.8506143,0.53538,0.31764,1820,540
1779428231.8798683,0.55648,0.31747,1820,540
1779428231.9101481,0.54741,0.3203,1820,540
1779428231.9442253,0.55166,0.35725,1820,540
1779428231.9772468,0.56113,0.40154,1820,540
1779428232.029595,0.56062,0.35979,1820,540
1779428232.0593035,0.53789,0.31116,1820,540
1779428232.0856762,0.55005,0.35676,1820,540
1779428232.1126685,0.55337,0.34718,1820,540
1779428232.137401,0.5427,0.39259,1820,540
1779428232.1692507,0.54769,0.38997,1820,540
1779428232.197558,0.55002,0.39838,1820,540
1779428232.2493463,0.55275,0.35317,1820,540
1779428232.2797387,0.54838,0.35106,1820,540
1779428232.3127124,0.55005,0.36016,1820,540
1779428232.3449953,0.5498,0.36277,1820,540
1779428232.3777614,0.55165,0.34993,1820,540
1779428232.4310057,0.55398,0.34277,1820,540
1779428232.4560213,0.55414,0.35129,1820,540
1779428232.4818103,0.55253,0.35012,1820,540
1779428232.5079563,0.5505,0.35963,1820,540
1779428232.5354426,0.5472,0.36379,1820,540
1779428232.5613537,0.5453,0.31593,1820,540
1779428232.5912726,0.54192,0.39547,1820,540
1779428232.6517801,0.54161,0.35224,1820,540
1779428232.6774514,0.54425,0.32343,1820,540
1779428232.7112548,0.5449,0.33583,1820,540
1779428232.7425556,0.54136,0.32931,1820,540
1779428232.772633,0.54426,0.31849,1820,540
1779428232.8060615,0.54184,0.3527,1820,540
1779428232.8590126,0.53788,0.40067,1820,540
1779428232.8878984,0.55174,0.36116,1820,540
1779428232.918204,0.55219,0.31366,1820,540
1779428232.9440305,0.55399,0.35441,1820,540
1779428234.0045826,0.53558,0.28784,1820,760
1779428234.0438535,0.55178,0.3481,1820,760
1779428234.0751894,0.54223,0.29755,1820,760
1779428234.1204746,0.5347,0.29973,1820,760
1779428234.1555276,0.53525,0.29618,1820,760
1779428234.1840286,0.53217,0.30931,1820,760
1779428234.2509806,0.54527,0.29598,1820,760
1779428234.2844782,0.53015,0.31614,1820,760
1779428234.3171248,0.53553,0.31146,1820,760
1779428234.3499022,0.53267,0.31212,1820,760
1779428234.38089,0.53295,0.31217,1820,760
1779428234.408288,0.52634,0.36537,1820,760
1779428234.4417677,0.54275,0.31177,1820,760
1779428234.473251,0.53345,0.31503,1820,760
1779428234.499831,0.55178,0.31248,1820,760
1779428234.529763,0.54943,0.31923,1820,760
1779428234.5554972,0.54088,0.31495,1820,760
1779428234.5864458,0.53525,0.30823,1820,760
1779428234.6150527,0.53781,0.31522,1820,760
1779428234.6472216,0.54907,0.308,1820,760
1779428234.677346,0.54331,0.35507,1820,760
1779428234.7152593,0.54219,0.35143,1820,760
1779428234.7481313,0.53896,0.35127,1820,760
1779428234.7774527,0.53885,0.3645,1820,760
1779428234.8124428,0.54795,0.36768,1820,760
1779428234.843314,0.53325,0.35619,1820,760
1779428234.8736162,0.54238,0.36322,1820,760
1779428234.9048429,0.54203,0.35941,1820,760
1779428234.9335563,0.52966,0.30656,1820,760
1779428234.9858716,0.54051,0.31622,1820,760
1779428235.0183754,0.52908,0.31042,1820,760
1779428235.0481508,0.53821,0.36211,1820,760
1779428235.0798948,0.53629,0.33039,1820,760
1779428235.10911,0.53541,0.32575,1820,760
1779428235.145085,0.53303,0.32043,1820,760
1779428235.1739047,0.54331,0.36418,1820,760
1779428235.206314,0.52948,0.35063,1820,760
1779428235.2447104,0.53041,0.34397,1820,760
1779428235.2741175,0.5291,0.33328,1820,760
1779428235.3068638,0.54611,0.34054,1820,760
1779428235.337005,0.54516,0.33436,1820,760
1779428235.365603,0.53517,0.34119,1820,760
1779428235.4194396,0.53124,0.34239,1820,760
1779428235.4492567,0.54754,0.33396,1820,760
1779428235.4825525,0.53196,0.33689,1820,760
1779428235.5115376,0.53178,0.32458,1820,760
1779428235.5432842,0.53588,0.33791,1820,760
1779428235.5748641,0.5251,0.31712,1820,760
1779428235.6057265,0.5473,0.33663,1820,760
1779428235.6374466,0.53752,0.32303,1820,760
1779428235.6748962,0.53707,0.33744,1820,760
1779428235.7022953,0.53412,0.33482,1820,760
1779428235.7340403,0.53465,0.33707,1820,760
1779428235.766945,0.53964,0.31955,1820,760
1779428235.813051,0.52415,0.31254,1820,760
1779428235.843385,0.54525,0.30701,1820,760
1779428235.8791587,0.53498,0.31791,1820,760
1779428235.9114058,0.54709,0.30927,1820,760
1779428235.9400487,0.53206,0.29121,1820,760
1779428236.0155048,0.5396,0.35157,1820,760
1779428237.0658875,0.52087,0.27118,1820,980
1779428237.1154373,0.52955,0.32614,1820,980
1779428237.1404843,0.54333,0.34878,1820,980
1779428237.1761935,0.52794,0.32259,1820,980
1779428237.2056856,0.52867,0.30444,1820,980
1779428237.2402775,0.52965,0.31903,1820,980
1779428237.270285,0.52085,0.29942,1820,980
1779428237.3018572,0.53129,0.34611,1820,980
1779428237.335823,0.52382,0.28732,1820,980
1779428237.369986,0.52772,0.32492,1820,980
1779428237.402719,0.52517,0.29237,1820,980
1779428237.432314,0.53767,0.28455,1820,980
1779428237.4642904,0.51956,0.29196,1820,980
1779428237.5102715,0.52379,0.30465,1820,980
1779428237.5393925,0.53728,0.29225,1820,980
1779428237.5769315,0.52415,0.3098,1820,980
1779428237.607378,0.524,0.31218,1820,980
1779428237.6359074,0.52182,0.29677,1820,980
1779428237.6678202,0.53181,0.31025,1820,980
1779428237.7012446,0.52167,0.30175,1820,980
1779428237.7345698,0.53546,0.29665,1820,980
1779428237.76593,0.52239,0.3188,1820,980
1779428237.7979846,0.53821,0.31474,1820,980
1779428237.8329453,0.52823,0.30741,1820,980
1779428237.8656795,0.53235,0.30147,1820,980
1779428237.8971524,0.52716,0.29691,1820,980
1779428237.955625,0.52511,0.29691,1820,980
1779428237.9962647,0.53248,0.29506,1820,980
1779428238.0267375,0.52848,0.27476,1820,980
1779428238.055634,0.52779,0.29657,1820,980
1779428238.0838294,0.52651,0.28999,1820,980
1779428238.1094682,0.53126,0.27131,1820,980
1779428238.1372612,0.52789,0.2859,1820,980
1779428238.1693366,0.52602,0.29605,1820,980
1779428238.198554,0.52697,0.28538,1820,980
1779428238.2295454,0.51631,0.29702,1820,980
1779428238.264633,0.53313,0.28919,1820,980
1779428238.2970438,0.52497,0.30003,1820,980
1779428238.3304708,0.52349,0.30482,1820,980
1779428238.3776274,0.52245,0.27114,1820,980
1779428238.4060762,0.53618,0.28032,1820,980
1779428238.4389522,0.52641,0.27584,1820,980
1779428238.4744303,0.52858,0.27536,1820,980
1779428238.5030057,0.52965,0.27662,1820,980
1779428238.5352616,0.52724,0.2666,1820,980
1779428238.5709581,0.52814,0.27251,1820,980
1779428238.6008062,0.52329,0.27642,1820,980
1779428238.6315694,0.53466,0.28144,1820,980
1779428238.664232,0.51657,0.27918,1820,980
1779428238.701765,0.53141,0.26822,1820,980
1779428238.7248743,0.5274,0.27405,1820,980
1779428238.7565894,0.53062,0.27157,1820,980
1779428238.8076234,0.52664,0.27873,1820,980
1779428238.8409207,0.53859,0.27243,1820,980
1779428238.8751342,0.52516,0.27049,1820,980
1779428238.9132452,0.53098,0.26572,1820,980
1779428238.945062,0.52366,0.26914,1820,980
1779428238.9783273,0.52764,0.32415,1820,980
1779428239.0122206,0.5312,0.31802,1820,980
1779428239.0397012,0.53666,0.32334,1820,980
