timestamp,raw_gaze_x,raw_gaze_y,screen_target_x,screen_target_y
1779291727.501264,0.48867,0.33925,100,100
1779291727.5478005,0.46673,0.35664,100,100
1779291727.5891693,0.45489,0.34107,100,100
1779291727.6320462,0.47065,0.2861,100,100
1779291727.6805317,0.47662,0.29212,100,100
1779291727.713522,0.47158,0.31451,100,100
1779291727.7585738,0.47397,0.35234,100,100
1779291727.8054605,0.48848,0.42302,100,100
1779291727.8375797,0.48497,0.36732,100,100
1779291727.8723967,0.48869,0.3726,100,100
1779291727.9174886,0.47084,0.41114,100,100
1779291727.9562857,0.48505,0.3631,100,100
1779291727.9879425,0.46379,0.41365,100,100
1779291728.0291862,0.47052,0.40748,100,100
1779291728.072063,0.48005,0.40001,100,100
1779291728.113269,0.47882,0.39677,100,100
1779291728.159033,0.45795,0.40304,100,100
1779291728.2057002,0.49673,0.31286,100,100
1779291728.2449844,0.48848,0.35956,100,100
1779291728.2879791,0.48216,0.37412,100,100
1779291728.3219974,0.48071,0.37677,100,100
1779291728.3626602,0.48148,0.35303,100,100
1779291728.4059782,0.48494,0.35836,100,100
1779291728.445452,0.46042,0.36026,100,100
1779291728.478041,0.45231,0.31005,100,100
1779291728.5239034,0.47035,0.3763,100,100
1779291728.5581925,0.47509,0.29681,100,100
1779291728.6051364,0.45615,0.33955,100,100
1779291728.6389494,0.47744,0.38696,100,100
1779291728.6775167,0.46613,0.37452,100,100
1779291728.71717,0.4483,0.37128,100,100
1779291728.7558722,0.4591,0.35875,100,100
1779291728.7908902,0.47285,0.34318,100,100
1779291728.8382459,0.45605,0.34034,100,100
1779291728.878986,0.46468,0.33835,100,100
1779291728.915371,0.44638,0.34521,100,100
1779291728.9604974,0.44713,0.34552,100,100
1779291729.0062106,0.45557,0.40647,100,100
1779291729.05288,0.4758,0.37883,100,100
1779291729.0945277,0.45071,0.36301,100,100
1779291729.1325877,0.48052,0.36191,100,100
1779291729.179006,0.455,0.36163,100,100
1779291729.2294574,0.45826,0.34858,100,100
1779291729.2611682,0.4582,0.35157,100,100
1779291729.300093,0.45712,0.33715,100,100
1779291729.3456693,0.4543,0.32368,100,100
1779291729.3766358,0.45645,0.38701,100,100
1779291729.412583,0.45627,0.32144,100,100
1779291729.4535844,0.4812,0.36625,100,100
1779291729.4911401,0.47402,0.36459,100,100
1779291730.5316844,0.4906,0.42357,100,320
1779291730.5714655,0.48947,0.42209,100,320
1779291730.608778,0.48401,0.40324,100,320
1779291730.6557317,0.47864,0.40247,100,320
1779291730.6895938,0.47591,0.40207,100,320
1779291730.7331996,0.46994,0.38459,100,320
1779291730.7720387,0.46673,0.3814,100,320
1779291730.8053932,0.46517,0.38207,100,320
1779291730.8442736,0.46467,0.37132,100,320
1779291730.8827512,0.46264,0.3547,100,320
1779291730.9102237,0.45686,0.35117,100,320
1779291730.9520433,0.42517,0.2594,100,320
1779291730.9919631,0.4633,0.14513,100,320
1779291731.0381818,0.49218,0.00232,100,320
1779291731.0792868,0.46124,0.28063,100,320
1779291731.1234393,0.47614,0.12917,100,320
1779291731.1659942,0.43981,0.27559,100,320
1779291731.2034936,0.43907,0.235,100,320
1779291731.2378268,0.4284,0.34662,100,320
1779291731.2784624,0.45963,0.22909,100,320
1779291731.3125749,0.43607,0.2645,100,320
1779291731.3542266,0.46985,0.31804,100,320
1779291731.3906972,0.44102,0.34974,100,320
1779291731.4274867,0.4574,0.3515,100,320
1779291731.46936,0.46025,0.36559,100,320
1779291731.5059736,0.46593,0.36777,100,320
1779291731.5494018,0.4707,0.36781,100,320
1779291731.5811687,0.47382,0.37387,100,320
1779291731.617651,0.4749,0.36195,100,320
1779291731.6592507,0.47346,0.37114,100,320
1779291731.709242,0.47776,0.3695,100,320
1779291731.7427359,0.48178,0.37277,100,320
1779291731.7746632,0.48163,0.36977,100,320
1779291731.8188226,0.48212,0.35119,100,320
1779291731.8585165,0.4826,0.35411,100,320
1779291731.8957899,0.48201,0.3639,100,320
1779291731.9304574,0.48519,0.36691,100,320
1779291731.9650736,0.48254,0.37239,100,320
1779291732.0035615,0.48521,0.36808,100,320
1779291732.036983,0.48119,0.36322,100,320
1779291732.0693521,0.48079,0.36346,100,320
1779291732.1178403,0.48347,0.36587,100,320
1779291732.154678,0.48242,0.3637,100,320
1779291732.1901088,0.48471,0.36348,100,320
1779291732.2308414,0.48585,0.36485,100,320
1779291732.2709813,0.48421,0.36824,100,320
1779291732.3110113,0.48734,0.36371,100,320
1779291732.3486028,0.4629,0.35713,100,320
1779291732.3812504,0.46129,0.35912,100,320
1779291732.4139502,0.48847,0.36542,100,320
1779291732.448912,0.46467,0.36257,100,320
1779291732.4825482,0.48784,0.3533,100,320
1779291732.528867,0.48922,0.34431,100,320
1779291733.5891476,0.47881,0.37317,100,540
1779291733.6317935,0.47971,0.39784,100,540
1779291733.673784,0.47925,0.39018,100,540
1779291733.724549,0.47751,0.39002,100,540
1779291733.758107,0.47636,0.39331,100,540
1779291733.805391,0.4719,0.38936,100,540
1779291733.8500378,0.46743,0.39732,100,540
1779291733.8934093,0.46242,0.39685,100,540
1779291733.9315639,0.45764,0.38097,100,540
1779291733.9663694,0.4528,0.38077,100,540
1779291734.013098,0.45201,0.38019,100,540
1779291734.0503,0.45425,0.37715,100,540
1779291734.0936737,0.45317,0.37357,100,540
1779291734.135255,0.4545,0.36968,100,540
1779291734.1784704,0.45872,0.37236,100,540
1779291734.2165227,0.46709,0.35416,100,540
1779291734.2567172,0.46906,0.34675,100,540
1779291734.3011107,0.46961,0.34979,100,540
1779291734.3334806,0.46886,0.34158,100,540
1779291734.3680086,0.47166,0.34174,100,540
1779291734.4075532,0.47511,0.34219,100,540
1779291734.4507134,0.47649,0.35061,100,540
1779291734.4831583,0.48569,0.33697,100,540
1779291734.516605,0.48704,0.34369,100,540
1779291734.5663474,0.48308,0.3412,100,540
1779291734.6045964,0.48768,0.33546,100,540
1779291734.6510978,0.48607,0.33936,100,540
1779291734.6889722,0.48583,0.33878,100,540
1779291734.7338674,0.48457,0.40496,100,540
1779291734.7792537,0.48564,0.40042,100,540
1779291734.8191128,0.4837,0.39695,100,540
1779291734.8553874,0.48287,0.3847,100,540
1779291734.8893127,0.48013,0.38345,100,540
1779291734.9325242,0.48172,0.38247,100,540
1779291734.9780874,0.47864,0.43567,100,540
1779291735.0224507,0.4797,0.43985,100,540
1779291735.0700097,0.48542,0.4311,100,540
1779291735.1071467,0.48793,0.43703,100,540
1779291735.1535082,0.48822,0.43254,100,540
1779291735.1901078,0.48953,0.43131,100,540
1779291735.2288578,0.48878,0.4304,100,540
1779291735.2650027,0.49173,0.42428,100,540
1779291735.3094568,0.48733,0.43206,100,540
1779291735.3515022,0.48885,0.43066,100,540
1779291735.3913536,0.48575,0.4216,100,540
1779291735.4372685,0.48844,0.42508,100,540
1779291735.4764488,0.4864,0.41964,100,540
1779291735.517751,0.48521,0.4237,100,540
1779291735.5570476,0.48805,0.43021,100,540
1779291736.5945377,0.46213,0.33088,100,760
1779291736.6381152,0.46484,0.3374,100,760
1779291736.67298,0.4701,0.32934,100,760
1779291736.7159605,0.47021,0.46051,100,760
1779291736.7497168,0.47103,0.39641,100,760
1779291736.788721,0.46934,0.39264,100,760
1779291736.8219278,0.46802,0.46057,100,760
1779291736.8553078,0.46486,0.45695,100,760
1779291736.8937557,0.46478,0.45963,100,760
1779291736.9299946,0.46023,0.46563,100,760
1779291736.9603474,0.45918,0.46527,100,760
1779291736.998986,0.45964,0.46443,100,760
1779291737.032346,0.45389,0.3937,100,760
1779291737.0667758,0.45094,0.40582,100,760
1779291737.100662,0.44908,0.40158,100,760
1779291737.1420038,0.47331,0.39382,100,760
1779291737.1839392,0.47222,0.39332,100,760
1779291737.2296493,0.44457,0.39498,100,760
1779291737.271296,0.44992,0.38354,100,760
1779291737.3087444,0.45573,0.38351,100,760
1779291737.3522701,0.45708,0.38621,100,760
1779291737.38998,0.47075,0.39102,100,760
1779291737.4213326,0.47521,0.3842,100,760
1779291737.4638772,0.47959,0.44301,100,760
1779291737.4935176,0.47726,0.44245,100,760
1779291737.5304568,0.48394,0.44372,100,760
1779291737.5684764,0.48568,0.43908,100,760
1779291737.60965,0.48772,0.43056,100,760
1779291737.6524472,0.4893,0.43211,100,760
1779291737.6922326,0.48973,0.42823,100,760
1779291737.7257688,0.49342,0.42414,100,760
1779291737.7601736,0.4954,0.43058,100,760
1779291737.7939377,0.49289,0.42848,100,760
1779291737.840651,0.49132,0.41045,100,760
1779291737.8787029,0.49022,0.40725,100,760
1779291737.9244545,0.48943,0.41019,100,760
1779291737.965204,0.48757,0.40371,100,760
1779291738.0065637,0.48431,0.40719,100,760
1779291738.0533786,0.48319,0.40996,100,760
1779291738.0945094,0.48178,0.41087,100,760
1779291738.1415048,0.4824,0.40942,100,760
1779291738.1903534,0.48158,0.41435,100,760
1779291738.227752,0.48577,0.41733,100,760
1779291738.2691803,0.48462,0.40923,100,760
1779291738.3135717,0.48618,0.39732,100,760
1779291738.353987,0.48672,0.39849,100,760
1779291738.3960614,0.48765,0.39561,100,760
1779291738.4290051,0.48982,0.39446,100,760
1779291738.4662926,0.48849,0.3895,100,760
1779291738.5084555,0.48846,0.39248,100,760
1779291738.554114,0.48933,0.38047,100,760
1779291738.6057436,0.48801,0.37203,100,760
1779291739.6641405,0.48641,0.36689,100,980
1779291739.7090483,0.48969,0.3894,100,980
1779291739.7446637,0.49226,0.38393,100,980
1779291739.7886288,0.48847,0.38197,100,980
1779291739.8222098,0.48825,0.37217,100,980
1779291739.8700454,0.48434,0.35568,100,980
1779291739.9049485,0.48403,0.35903,100,980
1779291739.95005,0.48225,0.35701,100,980
1779291739.9823065,0.48383,0.3533,100,980
1779291740.014196,0.48371,0.36369,100,980
1779291740.054582,0.4825,0.36073,100,980
1779291740.0910418,0.48421,0.3305,100,980
1779291740.1282947,0.45831,0.27804,100,980
1779291740.1734579,0.43815,0.22195,100,980
1779291740.2181513,0.43327,0.19951,100,980
1779291740.2544816,0.42333,0.29842,100,980
1779291740.2907462,0.43041,0.36922,100,980
1779291740.326199,0.45889,0.34905,100,980
1779291740.3644974,0.46033,0.34483,100,980
1779291740.4030364,0.45863,0.35203,100,980
1779291740.4456463,0.45684,0.36949,100,980
1779291740.479743,0.46061,0.30589,100,980
1779291740.5149443,0.4607,0.31095,100,980
1779291740.5540962,0.45678,0.31876,100,980
1779291740.5893173,0.45818,0.37982,100,980
1779291740.6228569,0.45806,0.31297,100,980
1779291740.656289,0.46107,0.32738,100,980
1779291740.699868,0.45944,0.34458,100,980
1779291740.739324,0.45553,0.34683,100,980
1779291740.7813663,0.47952,0.36762,100,980
1779291740.8201036,0.47906,0.37757,100,980
1779291740.8565266,0.47634,0.36991,100,980
1779291740.896938,0.46937,0.3444,100,980
1779291740.9496768,0.46757,0.35117,100,980
1779291740.9899423,0.46783,0.3607,100,980
1779291741.0321162,0.46277,0.35741,100,980
1779291741.0753794,0.45955,0.36614,100,980
1779291741.120076,0.45158,0.36774,100,980
1779291741.1545343,0.49852,0.34103,100,980
1779291741.1893735,0.49476,0.32354,100,980
1779291741.2332535,0.48902,0.3402,100,980
1779291741.2696972,0.49373,0.35918,100,980
1779291741.301011,0.4872,0.37037,100,980
1779291741.3423448,0.48626,0.30416,100,980
1779291741.3805115,0.47535,0.36786,100,980
1779291741.4122868,0.47635,0.36986,100,980
1779291741.4543676,0.4776,0.37027,100,980
1779291741.489496,0.47787,0.31113,100,980
1779291741.5222185,0.49768,0.32214,100,980
1779291741.5611463,0.49194,0.3261,100,980
1779291741.5990891,0.48749,0.33149,100,980
1779291741.6293132,0.48497,0.32837,100,980
1779291742.7054338,0.48925,0.40745,530,100
1779291742.739206,0.50968,0.37701,530,100
1779291742.778653,0.50454,0.38922,530,100
1779291742.8135195,0.50023,0.38186,530,100
1779291742.8567615,0.49637,0.37987,530,100
1779291742.8887575,0.49407,0.38441,530,100
1779291742.9220383,0.49343,0.37296,530,100
1779291742.9712098,0.48738,0.42845,530,100
1779291743.0100667,0.48583,0.42159,530,100
1779291743.0476897,0.48187,0.36887,530,100
1779291743.0880427,0.47478,0.3836,530,100
1779291743.1337452,0.47284,0.0,530,100
1779291743.1707091,0.49321,0.0,530,100
1779291743.2101998,0.46224,0.14767,530,100
1779291743.2570176,0.44243,0.1763,530,100
1779291743.2945323,0.4876,0.24246,530,100
1779291743.3408468,0.48118,0.20847,530,100
1779291743.3817432,0.4846,0.29956,530,100
1779291743.4160774,0.48999,0.33017,530,100
1779291743.457397,0.4868,0.33868,530,100
1779291743.4901226,0.48803,0.34193,530,100
1779291743.5412505,0.48765,0.29536,530,100
1779291743.5730848,0.49182,0.31763,530,100
1779291743.6141257,0.49171,0.32837,530,100
1779291743.657221,0.50175,0.33711,530,100
1779291743.7010677,0.50604,0.31448,530,100
1779291743.7452915,0.50546,0.31589,530,100
1779291743.7888424,0.50271,0.32507,530,100
1779291743.8255658,0.49903,0.33469,530,100
1779291743.8680165,0.49487,0.27283,530,100
1779291743.9012828,0.49283,0.29236,530,100
1779291743.9341242,0.49066,0.29803,530,100
1779291743.9866629,0.48913,0.30715,530,100
1779291744.0202186,0.48765,0.30508,530,100
1779291744.0615559,0.48361,0.30142,530,100
1779291744.1002858,0.48376,0.3065,530,100
1779291744.1419325,0.48611,0.36216,530,100
1779291744.1800919,0.48588,0.30237,530,100
1779291744.2193956,0.48535,0.35927,530,100
1779291744.2577899,0.48454,0.35778,530,100
1779291744.3049717,0.48526,0.36383,530,100
1779291744.3395216,0.48665,0.36018,530,100
1779291744.3820312,0.4869,0.35277,530,100
1779291744.414002,0.4834,0.35729,530,100
1779291744.4512525,0.48175,0.36192,530,100
1779291744.491409,0.48026,0.35566,530,100
1779291744.528793,0.47633,0.3527,530,100
1779291744.5753515,0.47445,0.35576,530,100
1779291744.6075456,0.47179,0.34778,530,100
1779291744.6582208,0.49208,0.3475,530,100
1779291744.6905017,0.4885,0.39839,530,100
1779291745.7474349,0.49068,0.35107,530,320
1779291745.7877388,0.49511,0.34988,530,320
1779291745.8275044,0.49356,0.34834,530,320
1779291745.872129,0.4926,0.41375,530,320
1779291745.905136,0.49099,0.41043,530,320
1779291745.9523835,0.48852,0.40932,530,320
1779291745.9892771,0.4871,0.4126,530,320
1779291746.0292146,0.48546,0.35017,530,320
1779291746.0640328,0.48538,0.35011,530,320
1779291746.1024578,0.48544,0.42192,530,320
1779291746.1407506,0.48428,0.41887,530,320
1779291746.1790252,0.48518,0.41075,530,320
1779291746.2208436,0.4826,0.39729,530,320
1779291746.259991,0.47997,0.40447,530,320
1779291746.301554,0.48047,0.40421,530,320
1779291746.3461723,0.47771,0.40123,530,320
1779291746.380211,0.47796,0.40271,530,320
1779291746.4295335,0.47796,0.39931,530,320
1779291746.4737773,0.47961,0.4108,530,320
1779291746.5131629,0.47881,0.40337,530,320
1779291746.5625026,0.4832,0.40488,530,320
1779291746.6066759,0.48587,0.40834,530,320
1779291746.6403568,0.49235,0.39651,530,320
1779291746.681696,0.49785,0.38896,530,320
1779291746.7339005,0.48309,0.38826,530,320
1779291746.7692127,0.48706,0.39039,530,320
1779291746.8111923,0.46596,0.39262,530,320
1779291746.8558314,0.47009,0.38891,530,320
1779291746.893495,0.47561,0.39637,530,320
1779291746.9305007,0.48138,0.38507,530,320
1779291746.9723718,0.4865,0.38863,530,320
1779291747.00549,0.49095,0.38185,530,320
1779291747.037537,0.4922,0.38466,530,320
1779291747.0737104,0.49464,0.38216,530,320
1779291747.1124291,0.49627,0.37613,530,320
1779291747.1449409,0.49504,0.36744,530,320
1779291747.179546,0.49386,0.43114,530,320
1779291747.2119849,0.49239,0.4348,530,320
1779291747.2516658,0.49119,0.43134,530,320
1779291747.2854493,0.4905,0.42998,530,320
1779291747.323183,0.48776,0.43239,530,320
1779291747.3619177,0.48898,0.43939,530,320
1779291747.4052875,0.48667,0.43028,530,320
1779291747.4458818,0.48628,0.42455,530,320
1779291747.486241,0.48565,0.42348,530,320
1779291747.519047,0.48395,0.42302,530,320
1779291747.5659585,0.48894,0.40804,530,320
1779291747.6027496,0.48579,0.39886,530,320
1779291747.6344972,0.48471,0.40115,530,320
1779291747.6768308,0.48604,0.39966,530,320
1779291747.7133882,0.48622,0.39639,530,320
1779291748.7641625,0.50312,0.40965,530,540
1779291748.7953267,0.50081,0.39548,530,540
1779291748.8383455,0.49106,0.39162,530,540
1779291748.8784058,0.49166,0.44553,530,540
1779291748.9124303,0.48323,0.44805,530,540
1779291748.9555244,0.48479,0.45252,530,540
1779291748.9905438,0.48221,0.45033,530,540
1779291749.0400295,0.47798,0.44638,530,540
1779291749.0876145,0.47589,0.44257,530,540
1779291749.1205993,0.47366,0.43411,530,540
1779291749.1637013,0.47644,0.4422,530,540
1779291749.1956184,0.49472,0.44194,530,540
1779291749.2290921,0.49696,0.4421,530,540
1779291749.266995,0.49547,0.4385,530,540
1779291749.307201,0.48963,0.44091,530,540
1779291749.3556056,0.48441,0.43714,530,540
1779291749.3946037,0.51004,0.4436,530,540
1779291749.4352193,0.51367,0.45641,530,540
1779291749.4845843,0.49172,0.45784,530,540
1779291749.5224771,0.49282,0.45057,530,540
1779291749.5636902,0.46757,0.44639,530,540
1779291749.598741,0.47056,0.44731,530,540
1779291749.6349907,0.47853,0.44814,530,540
1779291749.666303,0.48132,0.45806,530,540
1779291749.70681,0.49309,0.43485,530,540
1779291749.741054,0.50466,0.38016,530,540
1779291749.7784722,0.48098,0.38423,530,540
1779291749.8216538,0.46121,0.43506,530,540
1779291749.8537574,0.46349,0.42461,530,540
1779291749.8906248,0.46653,0.4251,530,540
1779291749.927526,0.46681,0.42134,530,540
1779291749.9687696,0.46647,0.42656,530,540
1779291750.0102618,0.467,0.42792,530,540
1779291750.055393,0.46649,0.42175,530,540
1779291750.085346,0.46699,0.42209,530,540
1779291750.1240115,0.4892,0.40874,530,540
1779291750.15718,0.48839,0.40604,530,540
1779291750.190271,0.48587,0.40673,530,540
1779291750.2292323,0.50861,0.40677,530,540
1779291750.2706888,0.5068,0.40828,530,540
1779291750.305067,0.50074,0.3973,530,540
1779291750.3454354,0.49807,0.39524,530,540
1779291750.3871176,0.49914,0.396,530,540
1779291750.4310384,0.50269,0.39462,530,540
1779291750.471999,0.50429,0.39499,530,540
1779291750.515435,0.50257,0.38648,530,540
1779291750.5571597,0.5038,0.38785,530,540
1779291750.5897653,0.50154,0.3766,530,540
1779291750.6281931,0.50147,0.37329,530,540
1779291750.66846,0.49728,0.37415,530,540
1779291750.7013783,0.49562,0.38349,530,540
1779291750.7359114,0.49806,0.3847,530,540
1779291751.7936034,0.50401,0.39793,530,760
1779291751.8380375,0.51172,0.40792,530,760
1779291751.876705,0.4949,0.4052,530,760
1779291751.921958,0.49508,0.41344,530,760
1779291751.9549937,0.48287,0.41567,530,760
1779291751.9949322,0.48108,0.41208,530,760
1779291752.0438793,0.47404,0.40275,530,760
1779291752.0776765,0.46669,0.40201,530,760
1779291752.1200898,0.4882,0.42039,530,760
1779291752.1587238,0.51454,0.42482,530,760
1779291752.2055864,0.50231,0.4131,530,760
1779291752.2386527,0.50089,0.41062,530,760
1779291752.276552,0.49919,0.41659,530,760
1779291752.3143785,0.49937,0.4193,530,760
1779291752.35241,0.49597,0.4243,530,760
1779291752.3953161,0.49445,0.43197,530,760
1779291752.443958,0.4941,0.4275,530,760
1779291752.4855597,0.49804,0.40254,530,760
1779291752.52059,0.50575,0.40997,530,760
1779291752.5665698,0.51114,0.40938,530,760
1779291752.606945,0.46412,0.4131,530,760
1779291752.6462772,0.46607,0.40903,530,760
1779291752.6906385,0.47071,0.4006,530,760
1779291752.7384458,0.47243,0.3934,530,760
1779291752.7797425,0.47175,0.38946,530,760
1779291752.8146174,0.47478,0.39051,530,760
1779291752.8529282,0.47547,0.39404,530,760
1779291752.8849714,0.47921,0.39359,530,760
1779291752.9333634,0.48006,0.40686,530,760
1779291752.973734,0.47035,0.404,530,760
1779291753.0014272,0.46792,0.40125,530,760
1779291753.0431838,0.48841,0.40676,530,760
1779291753.0853307,0.48548,0.40766,530,760
1779291753.1273956,0.48249,0.40687,530,760
1779291753.1674447,0.50959,0.41218,530,760
1779291753.2023935,0.50972,0.40997,530,760
1779291753.245314,0.48351,0.4038,530,760
1779291753.28318,0.48574,0.40454,530,760
1779291753.324836,0.48544,0.40421,530,760
1779291753.358186,0.47857,0.40291,530,760
1779291753.4005563,0.48304,0.39631,530,760
1779291753.442911,0.48283,0.38017,530,760
1779291753.4836323,0.47959,0.38047,530,760
1779291753.5181108,0.48361,0.37303,530,760
1779291753.554006,0.4837,0.37952,530,760
1779291753.596413,0.48547,0.3694,530,760
1779291753.6321595,0.48296,0.36485,530,760
1779291753.6724806,0.48362,0.35907,530,760
1779291753.715586,0.48116,0.42172,530,760
1779291753.7585707,0.4857,0.41535,530,760
1779291754.8068755,0.46233,0.35805,530,980
1779291754.8549507,0.46621,0.41404,530,980
1779291754.896124,0.4879,0.3488,530,980
1779291754.9399803,0.48987,0.35584,530,980
1779291754.9782066,0.46573,0.35999,530,980
1779291755.0255394,0.49205,0.36717,530,980
1779291755.074136,0.48234,0.37385,530,980
1779291755.109792,0.48595,0.36432,530,980
1779291755.1543782,0.48164,0.35559,530,980
1779291755.182219,0.50976,0.35966,530,980
1779291755.229675,0.50818,0.35695,530,980
1779291755.2682679,0.5099,0.36193,530,980
1779291755.2991908,0.50842,0.36495,530,980
1779291755.3389032,0.50625,0.36138,530,980
1779291755.3753574,0.50465,0.36616,530,980
1779291755.413189,0.48469,0.36822,530,980
1779291755.4515562,0.48759,0.36972,530,980
1779291755.4851696,0.48779,0.41962,530,980
1779291755.5358968,0.46722,0.34596,530,980
1779291755.5683796,0.46945,0.41719,530,980
1779291755.6161802,0.47153,0.4132,530,980
1779291755.6611137,0.47971,0.39316,530,980
1779291755.708234,0.48187,0.38923,530,980
1779291755.7449887,0.48771,0.39578,530,980
1779291755.785222,0.49046,0.39668,530,980
1779291755.827171,0.49208,0.40091,530,980
1779291755.8692083,0.48977,0.46308,530,980
1779291755.9077857,0.49172,0.457,530,980
1779291755.9447176,0.48815,0.46193,530,980
1779291755.982553,0.48712,0.45891,530,980
1779291756.0242455,0.48453,0.39755,530,980
1779291756.0654004,0.48449,0.45481,530,980
1779291756.101672,0.48146,0.45108,530,980
1779291756.14062,0.47795,0.38361,530,980
1779291756.1731133,0.47759,0.392,530,980
1779291756.2055502,0.48107,0.39394,530,980
1779291756.2464406,0.48053,0.39576,530,980
1779291756.2857985,0.48022,0.40137,530,980
1779291756.3213441,0.48001,0.40041,530,980
1779291756.3588579,0.4859,0.40045,530,980
1779291756.4037745,0.48447,0.39228,530,980
1779291756.4447613,0.47948,0.38794,530,980
1779291756.4796534,0.47956,0.37999,530,980
1779291756.515261,0.50331,0.38273,530,980
1779291756.5550125,0.5042,0.39432,530,980
1779291756.5882137,0.50255,0.3981,530,980
1779291756.6235895,0.50007,0.39157,530,980
1779291756.6697028,0.49764,0.38429,530,980
1779291756.7080245,0.49392,0.3851,530,980
1779291756.7554815,0.49812,0.38786,530,980
1779291756.7875884,0.49528,0.39685,530,980
1779291757.8457851,0.4935,0.36671,960,100
1779291757.8879876,0.48745,0.3576,960,100
1779291757.9255285,0.50134,0.39764,960,100
1779291757.9644735,0.51486,0.40225,960,100
1779291758.0137436,0.49122,0.41042,960,100
1779291758.0548685,0.49251,0.35907,960,100
1779291758.1082797,0.50969,0.34515,960,100
1779291758.1422915,0.49225,0.35265,960,100
1779291758.1874337,0.51643,0.38094,960,100
1779291758.2217157,0.50244,0.37995,960,100
1779291758.260001,0.49192,0.38204,960,100
1779291758.309969,0.48664,0.37321,960,100
1779291758.349849,0.48289,0.37204,960,100
1779291758.383552,0.50835,0.37645,960,100
1779291758.4297743,0.50467,0.37106,960,100
1779291758.4641662,0.50126,0.37322,960,100
1779291758.4974096,0.50174,0.37002,960,100
1779291758.537696,0.50515,0.36625,960,100
1779291758.5877373,0.50353,0.35921,960,100
1779291758.6234355,0.51187,0.36027,960,100
1779291758.6622198,0.49836,0.36506,960,100
1779291758.699366,0.5108,0.35697,960,100
1779291758.7398577,0.51579,0.34941,960,100
1779291758.7716842,0.51075,0.35409,960,100
1779291758.8067439,0.51779,0.36276,960,100
1779291758.8412526,0.49465,0.3562,960,100
1779291758.8810506,0.49887,0.34855,960,100
1779291758.924959,0.50098,0.34347,960,100
1779291758.9566526,0.49724,0.34392,960,100
1779291758.9962983,0.49757,0.34969,960,100
1779291759.040366,0.49926,0.35962,960,100
1779291759.0862508,0.49597,0.34584,960,100
1779291759.1319315,0.49486,0.34509,960,100
1779291759.1721768,0.49356,0.34367,960,100
1779291759.2003086,0.51361,0.34846,960,100
1779291759.2352471,0.51004,0.34508,960,100
1779291759.2745667,0.50425,0.34512,960,100
1779291759.3168552,0.50878,0.39675,960,100
1779291759.3788748,0.50722,0.38297,960,100
1779291759.435609,0.5025,0.38484,960,100
1779291759.4727473,0.50336,0.38517,960,100
1779291759.5095234,0.50027,0.38134,960,100
1779291759.5497267,0.49772,0.38649,960,100
1779291759.598889,0.49515,0.38664,960,100
1779291759.6437068,0.49499,0.3775,960,100
1779291759.6788034,0.49367,0.37038,960,100
1779291759.7161787,0.49066,0.38103,960,100
1779291759.7618804,0.49171,0.36646,960,100
1779291759.8053167,0.49212,0.35864,960,100
1779291760.8754752,0.50111,0.42026,960,320
1779291760.9091704,0.49931,0.41063,960,320
1779291760.9466941,0.49671,0.40289,960,320
1779291760.9880278,0.49681,0.40393,960,320
1779291761.0246396,0.49291,0.40942,960,320
1779291761.0639024,0.49529,0.40898,960,320
1779291761.105227,0.49236,0.40811,960,320
1779291761.1379697,0.51587,0.40547,960,320
1779291761.1872952,0.51411,0.40801,960,320
1779291761.224945,0.51372,0.41947,960,320
1779291761.275855,0.50632,0.42297,960,320
1779291761.309803,0.50065,0.38404,960,320
1779291761.3519936,0.49659,0.3903,960,320
1779291761.3894048,0.49203,0.39246,960,320
1779291761.4269903,0.50894,0.38859,960,320
1779291761.4619036,0.50805,0.3958,960,320
1779291761.509256,0.50896,0.39892,960,320
1779291761.5381784,0.50825,0.40092,960,320
1779291761.5862794,0.50803,0.39469,960,320
1779291761.6162653,0.50804,0.39068,960,320
1779291761.6565218,0.50766,0.38794,960,320
1779291761.6945875,0.50541,0.38221,960,320
1779291761.729584,0.50315,0.38772,960,320
1779291761.7742255,0.50554,0.38298,960,320
1779291761.8064575,0.50426,0.37881,960,320
1779291761.8517914,0.50391,0.37368,960,320
1779291761.8884668,0.50686,0.37465,960,320
1779291761.929565,0.50899,0.37662,960,320
1779291761.9641066,0.511,0.37092,960,320
1779291762.0069902,0.48923,0.41704,960,320
1779291762.0485275,0.51441,0.41149,960,320
1779291762.0967913,0.49039,0.40917,960,320
1779291762.130123,0.51414,0.4068,960,320
1779291762.1672926,0.51517,0.40739,960,320
1779291762.2077696,0.51362,0.39183,960,320
1779291762.2537396,0.51138,0.39097,960,320
1779291762.288039,0.51047,0.37812,960,320
1779291762.3324318,0.51101,0.37749,960,320
1779291762.381004,0.51342,0.36787,960,320
1779291762.416646,0.51009,0.36345,960,320
1779291762.468367,0.50769,0.40142,960,320
1779291762.5034308,0.50735,0.40419,960,320
1779291762.5518787,0.50416,0.40324,960,320
1779291762.5905595,0.49718,0.41023,960,320
1779291762.6246712,0.49617,0.40533,960,320
1779291762.661058,0.4926,0.3981,960,320
1779291762.7121444,0.48973,0.39207,960,320
1779291762.7458,0.48577,0.39936,960,320
1779291762.7872005,0.48781,0.40032,960,320
1779291762.8299985,0.48874,0.38991,960,320
1779291763.9047947,0.49021,0.40023,960,540
1779291763.9430308,0.49057,0.39334,960,540
1779291763.9882014,0.49257,0.39059,960,540
1779291764.028061,0.48824,0.3899,960,540
1779291764.0706916,0.48444,0.38351,960,540
1779291764.1098087,0.48467,0.37817,960,540
1779291764.1558044,0.4839,0.37838,960,540
1779291764.2047586,0.50397,0.37567,960,540
1779291764.2430246,0.50616,0.37397,960,540
1779291764.2959104,0.50145,0.36614,960,540
1779291764.3336623,0.50066,0.36624,960,540
1779291764.3685179,0.49813,0.36572,960,540
1779291764.404497,0.49786,0.36443,960,540
1779291764.4474223,0.49698,0.36663,960,540
1779291764.4908755,0.49509,0.37188,960,540
1779291764.5408533,0.49495,0.37486,960,540
1779291764.5801184,0.49484,0.37385,960,540
1779291764.6224027,0.49507,0.36841,960,540
1779291764.6571672,0.48502,0.37346,960,540
1779291764.701966,0.48247,0.41603,960,540
1779291764.7411048,0.48773,0.41276,960,540
1779291764.7841837,0.49063,0.41034,960,540
1779291764.830578,0.49363,0.4125,960,540
1779291764.864209,0.49524,0.4187,960,540
1779291764.9115717,0.49265,0.40939,960,540
1779291764.951183,0.49236,0.40363,960,540
1779291764.9932222,0.49341,0.4009,960,540
1779291765.0374103,0.49348,0.40756,960,540
1779291765.077895,0.49071,0.39605,960,540
1779291765.1204078,0.49295,0.40211,960,540
1779291765.150395,0.49224,0.39598,960,540
1779291765.1975589,0.49319,0.38624,960,540
1779291765.2466981,0.48772,0.38666,960,540
1779291765.2831817,0.51066,0.38134,960,540
1779291765.3211806,0.50644,0.42912,960,540
1779291765.3578331,0.50283,0.42517,960,540
1779291765.4000404,0.50271,0.42813,960,540
1779291765.4325297,0.49816,0.42288,960,540
1779291765.467322,0.4983,0.41952,960,540
1779291765.5050025,0.49733,0.41939,960,540
1779291765.5381875,0.51699,0.41775,960,540
1779291765.580697,0.51696,0.41052,960,540
1779291765.616367,0.51654,0.40241,960,540
1779291765.646405,0.51569,0.39903,960,540
1779291765.6857078,0.51312,0.39664,960,540
1779291765.7237103,0.51541,0.40462,960,540
1779291765.767248,0.51515,0.39734,960,540
1779291765.8063583,0.51542,0.3933,960,540
1779291765.8520014,0.51614,0.39209,960,540
1779291765.8889787,0.51288,0.3833,960,540
1779291766.944913,0.50918,0.43137,960,760
1779291766.9895203,0.48834,0.4249,960,760
1779291767.0307038,0.48685,0.41468,960,760
1779291767.0714314,0.5102,0.41832,960,760
1779291767.105598,0.5054,0.41578,960,760
1779291767.1553738,0.50615,0.41879,960,760
1779291767.2039042,0.50489,0.41552,960,760
1779291767.2388124,0.50569,0.41894,960,760
1779291767.2839897,0.50516,0.42014,960,760
1779291767.3258567,0.50425,0.42099,960,760
1779291767.390371,0.50198,0.40525,960,760
1779291767.4282908,0.50131,0.40355,960,760
1779291767.4716673,0.5005,0.4103,960,760
1779291767.5111046,0.50036,0.40886,960,760
1779291767.5530946,0.50031,0.41113,960,760
1779291767.5979164,0.50049,0.41218,960,760
1779291767.634264,0.50019,0.40384,960,760
1779291767.6696587,0.50015,0.40226,960,760
1779291767.706272,0.49956,0.41084,960,760
1779291767.739935,0.50059,0.41168,960,760
1779291767.7815542,0.50192,0.40797,960,760
1779291767.826218,0.50507,0.40379,960,760
1779291767.8691533,0.46837,0.209,960,760
1779291767.9012475,0.44388,0.22343,960,760
1779291767.9358552,0.47301,0.26972,960,760
1779291767.9709105,0.50075,0.26714,960,760
1779291768.0106163,0.51026,0.28534,960,760
1779291768.0477524,0.51013,0.24877,960,760
1779291768.085132,0.50909,0.25999,960,760
1779291768.1260734,0.51104,0.26638,960,760
1779291768.1592326,0.48947,0.29176,960,760
1779291768.2065907,0.48996,0.31873,960,760
1779291768.2395675,0.49069,0.32055,960,760
1779291768.2798285,0.49263,0.34041,960,760
1779291768.3155956,0.48822,0.3385,960,760
1779291768.3497255,0.5124,0.33043,960,760
1779291768.3987865,0.50841,0.31557,960,760
1779291768.4316413,0.50783,0.32449,960,760
1779291768.4761364,0.50711,0.33609,960,760
1779291768.509142,0.50325,0.33348,960,760
1779291768.542004,0.50432,0.32568,960,760
1779291768.5884533,0.49896,0.32451,960,760
1779291768.6374948,0.48278,0.33405,960,760
1779291768.6796587,0.4827,0.32986,960,760
1779291768.719669,0.48148,0.33276,960,760
1779291768.7663078,0.50376,0.33698,960,760
1779291768.8120775,0.50228,0.34418,960,760
1779291768.8449535,0.50069,0.33834,960,760
1779291768.880058,0.5,0.33244,960,760
1779291768.9146278,0.50042,0.32841,960,760
1779291769.9813747,0.48412,0.34287,960,980
1779291770.0132763,0.484,0.34053,960,980
1779291770.0543444,0.50658,0.40556,960,980
1779291770.1047258,0.50576,0.40073,960,980
1779291770.142259,0.50019,0.38822,960,980
1779291770.1921542,0.49561,0.38618,960,980
1779291770.2265172,0.49687,0.38229,960,980
1779291770.2724562,0.49462,0.38399,960,980
1779291770.320966,0.48586,0.39004,960,980
1779291770.3577244,0.48661,0.38913,960,980
1779291770.3988955,0.50611,0.39022,960,980
1779291770.4464982,0.50532,0.38387,960,980
1779291770.48231,0.50636,0.38699,960,980
1779291770.5275598,0.50612,0.39593,960,980
1779291770.5659976,0.50444,0.39395,960,980
1779291770.6107821,0.50666,0.39853,960,980
1779291770.6546361,0.50643,0.39517,960,980
1779291770.6891952,0.50862,0.39228,960,980
1779291770.728314,0.48337,0.39779,960,980
1779291770.7732003,0.50217,0.39421,960,980
1779291770.810165,0.47455,0.39313,960,980
1779291770.8545334,0.48016,0.39901,960,980
1779291770.8927407,0.48216,0.40968,960,980
1779291770.9309258,0.48088,0.40812,960,980
1779291770.9742022,0.48592,0.4155,960,980
1779291771.012494,0.4899,0.40189,960,980
1779291771.0548174,0.48939,0.40511,960,980
1779291771.0971336,0.49261,0.40985,960,980
1779291771.1385176,0.49217,0.34944,960,980
1779291771.1818244,0.49308,0.41357,960,980
1779291771.227971,0.49381,0.34721,960,980
1779291771.2669528,0.4951,0.3458,960,980
1779291771.306192,0.49303,0.4061,960,980
1779291771.3469696,0.49136,0.39798,960,980
1779291771.3895383,0.49227,0.37395,960,980
1779291771.432693,0.49414,0.376,960,980
1779291771.4820077,0.49345,0.37416,960,980
1779291771.520736,0.49383,0.3763,960,980
1779291771.5647302,0.49348,0.36982,960,980
1779291771.598294,0.49691,0.42182,960,980
1779291771.6496663,0.49735,0.4213,960,980
1779291771.6927855,0.49828,0.352,960,980
1779291771.7332387,0.49789,0.3457,960,980
1779291771.7820024,0.49325,0.35104,960,980
1779291771.8226225,0.49297,0.34769,960,980
1779291771.8698206,0.49458,0.34956,960,980
1779291771.9012456,0.4923,0.34597,960,980
1779291771.9417517,0.4926,0.34659,960,980
1779291771.9818923,0.49307,0.35451,960,980
1779291773.0379663,0.507,0.3685,1390,100
1779291773.0743294,0.50464,0.3681,1390,100
1779291773.1149855,0.52247,0.35991,1390,100
1779291773.1542675,0.5105,0.36366,1390,100
1779291773.1875978,0.50782,0.36731,1390,100
1779291773.2380044,0.51651,0.3768,1390,100
1779291773.271591,0.50826,0.38541,1390,100
1779291773.3116748,0.50157,0.32475,1390,100
1779291773.3566837,0.49876,0.33476,1390,100
1779291773.3932076,0.49374,0.33909,1390,100
1779291773.4370813,0.49249,0.3397,1390,100
1779291773.483147,0.50766,0.34349,1390,100
1779291773.522646,0.50176,0.33923,1390,100
1779291773.5630598,0.49838,0.34687,1390,100
1779291773.6085587,0.49895,0.34991,1390,100
1779291773.645451,0.49794,0.34958,1390,100
1779291773.6855063,0.49794,0.35753,1390,100
1779291773.722975,0.49575,0.35947,1390,100
1779291773.7738533,0.50506,0.35455,1390,100
1779291773.806251,0.51052,0.35712,1390,100
1779291773.844988,0.49008,0.35919,1390,100
1779291773.8885012,0.49815,0.35635,1390,100
1779291773.9311347,0.50118,0.35042,1390,100
1779291773.9718342,0.50493,0.34387,1390,100
1779291774.016533,0.50872,0.33503,1390,100
1779291774.0575695,0.51255,0.33515,1390,100
1779291774.0952904,0.49457,0.33661,1390,100
1779291774.139265,0.49659,0.33589,1390,100
1779291774.1718533,0.50432,0.32971,1390,100
1779291774.2128208,0.50325,0.3292,1390,100
1779291774.2563734,0.50662,0.32341,1390,100
1779291774.3051925,0.50728,0.32652,1390,100
1779291774.3506188,0.516,0.3741,1390,100
1779291774.386107,0.51672,0.37751,1390,100
1779291774.426404,0.49258,0.37864,1390,100
1779291774.464445,0.49328,0.38162,1390,100
1779291774.5008047,0.49316,0.3698,1390,100
1779291774.5421128,0.51752,0.37075,1390,100
1779291774.583841,0.51325,0.37515,1390,100
1779291774.6200032,0.51145,0.32369,1390,100
1779291774.6530967,0.50546,0.3225,1390,100
1779291774.6925647,0.50596,0.3236,1390,100
1779291774.7250588,0.50472,0.3285,1390,100
1779291774.7597563,0.50603,0.3263,1390,100
1779291774.7944696,0.50495,0.32687,1390,100
1779291774.8336434,0.50501,0.3291,1390,100
1779291774.8635037,0.50587,0.32153,1390,100
1779291774.901105,0.50541,0.31505,1390,100
1779291774.9386473,0.50457,0.36961,1390,100
1779291774.993032,0.50574,0.30867,1390,100
1779291776.03764,0.50429,0.33664,1390,320
1779291776.0785117,0.51076,0.3249,1390,320
1779291776.1209273,0.50601,0.32513,1390,320
1779291776.1622598,0.50664,0.32731,1390,320
1779291776.204787,0.50694,0.3862,1390,320
1779291776.2380922,0.50947,0.32821,1390,320
1779291776.2785072,0.50539,0.33971,1390,320
1779291776.3210912,0.5044,0.34496,1390,320
1779291776.365519,0.49865,0.33204,1390,320
1779291776.405596,0.49645,0.32821,1390,320
1779291776.4464054,0.49248,0.336,1390,320
1779291776.493816,0.49124,0.33451,1390,320
1779291776.5314145,0.4881,0.32399,1390,320
1779291776.5748868,0.48609,0.32818,1390,320
1779291776.6193364,0.48545,0.35211,1390,320
1779291776.654861,0.48742,0.35322,1390,320
1779291776.690547,0.48881,0.34578,1390,320
1779291776.7336428,0.49277,0.33067,1390,320
1779291776.772824,0.49238,0.33538,1390,320
1779291776.8026364,0.49177,0.34044,1390,320
1779291776.8384717,0.49404,0.33533,1390,320
1779291776.8807356,0.49698,0.33003,1390,320
1779291776.920531,0.49959,0.32803,1390,320
1779291776.9716372,0.50823,0.31865,1390,320
1779291777.0146184,0.51153,0.32575,1390,320
1779291777.0574324,0.51192,0.32183,1390,320
1779291777.1042485,0.51779,0.37842,1390,320
1779291777.135391,0.49201,0.37505,1390,320
1779291777.1876974,0.49103,0.32309,1390,320
1779291777.2206657,0.49465,0.38799,1390,320
1779291777.259326,0.50025,0.37994,1390,320
1779291777.296179,0.50183,0.37788,1390,320
1779291777.3400228,0.50486,0.38235,1390,320
1779291777.3760886,0.48362,0.37474,1390,320
1779291777.4129262,0.48705,0.36839,1390,320
1779291777.45365,0.48833,0.3687,1390,320
1779291777.4898312,0.4908,0.37899,1390,320
1779291777.5267408,0.49464,0.32638,1390,320
1779291777.570347,0.49436,0.38571,1390,320
1779291777.6129646,0.49508,0.32976,1390,320
1779291777.651607,0.49626,0.32772,1390,320
1779291777.6921728,0.4984,0.3927,1390,320
1779291777.739946,0.49527,0.3345,1390,320
1779291777.775894,0.49719,0.32959,1390,320
1779291777.8217838,0.49707,0.33196,1390,320
1779291777.8541918,0.49585,0.37274,1390,320
1779291777.8900838,0.49416,0.31926,1390,320
1779291777.9249558,0.49322,0.32492,1390,320
1779291777.9689252,0.49424,0.32183,1390,320
1779291778.0144036,0.4935,0.36675,1390,320
1779291779.0558987,0.4908,0.38076,1390,540
1779291779.100952,0.48779,0.36553,1390,540
1779291779.1375682,0.48558,0.35084,1390,540
1779291779.1817102,0.50187,0.36018,1390,540
1779291779.2210076,0.50056,0.35758,1390,540
1779291779.2709515,0.49538,0.35609,1390,540
1779291779.3071785,0.49424,0.35966,1390,540
1779291779.3581958,0.49412,0.35942,1390,540
1779291779.4036436,0.49332,0.35378,1390,540
1779291779.4419444,0.48969,0.35409,1390,540
1779291779.4749498,0.51439,0.35445,1390,540
1779291779.5182636,0.51386,0.36024,1390,540
1779291779.5544438,0.5103,0.35521,1390,540
1779291779.597004,0.51277,0.36765,1390,540
1779291779.636332,0.49371,0.36607,1390,540
1779291779.6777468,0.49427,0.37319,1390,540
1779291779.7255633,0.48873,0.37725,1390,540
1779291779.7637217,0.48807,0.36633,1390,540
1779291779.8049884,0.49019,0.36146,1390,540
1779291779.85282,0.49109,0.35736,1390,540
1779291779.8999767,0.49228,0.35511,1390,540
1779291779.9326146,0.49798,0.34853,1390,540
1779291779.971341,0.50061,0.35353,1390,540
1779291780.0052352,0.50278,0.34638,1390,540
1779291780.0461068,0.50036,0.34594,1390,540
1779291780.0793662,0.50469,0.34514,1390,540
1779291780.1127408,0.48321,0.3477,1390,540
1779291780.1446,0.48122,0.34703,1390,540
1779291780.1905782,0.50876,0.34676,1390,540
1779291780.2391663,0.48285,0.34195,1390,540
1779291780.2723467,0.48269,0.34199,1390,540
1779291780.3146274,0.48264,0.33733,1390,540
1779291780.3699033,0.48366,0.33806,1390,540
1779291780.4128535,0.48029,0.33868,1390,540
1779291780.444062,0.50258,0.33962,1390,540
1779291780.4939663,0.50254,0.35244,1390,540
1779291780.5305321,0.50094,0.34429,1390,540
1779291780.5785844,0.50219,0.34264,1390,540
1779291780.6247418,0.50076,0.33561,1390,540
1779291780.6688058,0.50394,0.38251,1390,540
1779291780.7085254,0.5024,0.38381,1390,540
1779291780.7559698,0.5011,0.38778,1390,540
1779291780.7968276,0.49973,0.43182,1390,540
1779291780.8299892,0.49809,0.43401,1390,540
1779291780.8717132,0.49748,0.37816,1390,540
1779291780.909247,0.49824,0.43683,1390,540
1779291780.9474711,0.49899,0.43886,1390,540
1779291780.9906323,0.49983,0.43268,1390,540
1779291781.037418,0.50082,0.43395,1390,540
1779291782.0875697,0.49221,0.4032,1390,760
1779291782.1211414,0.49316,0.3967,1390,760
1779291782.1702328,0.48772,0.4005,1390,760
1779291782.207696,0.50897,0.39422,1390,760
1779291782.254254,0.5099,0.33429,1390,760
1779291782.2922957,0.50753,0.33466,1390,760
1779291782.3378904,0.50798,0.39129,1390,760
1779291782.3721666,0.50862,0.33444,1390,760
1779291782.4133925,0.50565,0.33949,1390,760
1779291782.4537017,0.50488,0.34129,1390,760
1779291782.4925196,0.50396,0.3409,1390,760
1779291782.528862,0.50501,0.34347,1390,760
1779291782.5649679,0.50478,0.34276,1390,760
1779291782.6061356,0.50762,0.35171,1390,760
1779291782.6547232,0.50953,0.34219,1390,760
1779291782.697789,0.50873,0.39876,1390,760
1779291782.7382123,0.50113,0.33268,1390,760
1779291782.7819393,0.49734,0.38668,1390,760
1779291782.8210623,0.50385,0.37634,1390,760
1779291782.866592,0.50531,0.3725,1390,760
1779291782.903214,0.50908,0.38014,1390,760
1779291782.9436533,0.50849,0.37972,1390,760
1779291782.9930775,0.51114,0.38198,1390,760
1779291783.0330698,0.51201,0.44003,1390,760
1779291783.0863614,0.51335,0.43815,1390,760
1779291783.1233544,0.49005,0.44044,1390,760
1779291783.167108,0.49289,0.386,1390,760
1779291783.2124658,0.51153,0.43878,1390,760
1779291783.2452252,0.51424,0.38498,1390,760
1779291783.2850695,0.51165,0.3852,1390,760
1779291783.3271294,0.49,0.38562,1390,760
1779291783.3582637,0.49097,0.3839,1390,760
1779291783.3972373,0.49264,0.43699,1390,760
1779291783.4388714,0.4928,0.44759,1390,760
1779291783.487122,0.49475,0.38234,1390,760
1779291783.522858,0.49596,0.39377,1390,760
1779291783.5580578,0.49513,0.38716,1390,760
1779291783.6014807,0.49202,0.44055,1390,760
1779291783.638491,0.51681,0.43633,1390,760
1779291783.6817346,0.50835,0.42332,1390,760
1779291783.7286696,0.50187,0.41378,1390,760
1779291783.7879307,0.49861,0.4098,1390,760
1779291783.820612,0.50034,0.41776,1390,760
1779291783.853407,0.49826,0.41633,1390,760
1779291783.895507,0.49702,0.40981,1390,760
1779291783.9349833,0.48814,0.41392,1390,760
1779291783.9752064,0.48801,0.40818,1390,760
1779291784.0130594,0.48651,0.41538,1390,760
1779291784.06107,0.4866,0.41559,1390,760
1779291785.1383603,0.50445,0.37564,1390,980
1779291785.1802921,0.5026,0.38325,1390,980
1779291785.229757,0.50456,0.37603,1390,980
1779291785.273359,0.50528,0.37537,1390,980
1779291785.311775,0.50192,0.36825,1390,980
1779291785.3542001,0.49976,0.37148,1390,980
1779291785.3944523,0.49508,0.36644,1390,980
1779291785.438043,0.49164,0.36513,1390,980
1779291785.4822636,0.48973,0.36285,1390,980
1779291785.5169039,0.48683,0.3845,1390,980
1779291785.5652413,0.4883,0.3854,1390,980
1779291785.5949519,0.48459,0.38388,1390,980
1779291785.643719,0.48777,0.38503,1390,980
1779291785.679908,0.48329,0.3861,1390,980
1779291785.7098038,0.4845,0.39085,1390,980
1779291785.7500746,0.48275,0.39652,1390,980
1779291785.7949111,0.48327,0.39257,1390,980
1779291785.8368928,0.49393,0.37747,1390,980
1779291785.871853,0.4961,0.38254,1390,980
1779291785.9101555,0.49419,0.373,1390,980
1779291785.9491465,0.49935,0.37461,1390,980
1779291785.9840121,0.50016,0.37575,1390,980
1779291786.022963,0.5018,0.38387,1390,980
1779291786.062191,0.5033,0.37912,1390,980
1779291786.108543,0.50472,0.3773,1390,980
1779291786.142288,0.50794,0.37525,1390,980
1779291786.1880436,0.51093,0.37184,1390,980
1779291786.2276704,0.48824,0.38334,1390,980
1779291786.2638502,0.51176,0.39201,1390,980
1779291786.3175588,0.48535,0.39674,1390,980
1779291786.3498523,0.48471,0.38559,1390,980
1779291786.3955238,0.48594,0.38076,1390,980
1779291786.4461758,0.49132,0.39067,1390,980
1779291786.482902,0.48777,0.38733,1390,980
1779291786.5249538,0.4875,0.39257,1390,980
1779291786.553112,0.48612,0.39582,1390,980
1779291786.5868287,0.48626,0.39933,1390,980
1779291786.6307576,0.50685,0.39356,1390,980
1779291786.6837409,0.50396,0.39357,1390,980
1779291786.716821,0.4992,0.38926,1390,980
1779291786.7531168,0.49613,0.38606,1390,980
1779291786.7960334,0.49407,0.38213,1390,980
1779291786.8290706,0.49023,0.38056,1390,980
1779291786.8771622,0.48874,0.37896,1390,980
1779291786.9132078,0.4873,0.38109,1390,980
1779291786.9569461,0.48311,0.37529,1390,980
1779291786.9962602,0.48304,0.42683,1390,980
1779291787.0426278,0.50651,0.36346,1390,980
1779291787.0900881,0.50593,0.43058,1390,980
1779291787.1239061,0.48136,0.43142,1390,980
1779291788.1706688,0.52095,0.35527,1820,100
1779291788.2091854,0.51872,0.36766,1820,100
1779291788.254307,0.50942,0.36198,1820,100
1779291788.3043017,0.50799,0.3662,1820,100
1779291788.3374586,0.50299,0.37195,1820,100
1779291788.3716214,0.52926,0.37276,1820,100
1779291788.4100494,0.55115,0.3713,1820,100
1779291788.4635546,0.5481,0.36512,1820,100
1779291788.5032725,0.54496,0.3711,1820,100
1779291788.536965,0.54483,0.36092,1820,100
1779291788.5778668,0.54175,0.36071,1820,100
1779291788.6176262,0.53942,0.36056,1820,100
1779291788.6692135,0.53787,0.3597,1820,100
1779291788.707512,0.53258,0.35928,1820,100
1779291788.7432702,0.53444,0.35531,1820,100
1779291788.7841322,0.53259,0.36228,1820,100
1779291788.818798,0.53313,0.35944,1820,100
1779291788.8623326,0.53562,0.35863,1820,100
1779291788.9071596,0.53464,0.35788,1820,100
1779291788.9497812,0.53468,0.35249,1820,100
1779291788.9970214,0.53862,0.35518,1820,100
1779291789.0410368,0.51575,0.40283,1820,100
1779291789.08177,0.51749,0.4008,1820,100
1779291789.1132898,0.50627,0.36098,1820,100
1779291789.1528733,0.50371,0.35632,1820,100
1779291789.2007053,0.51086,0.35871,1820,100
1779291789.2343528,0.51511,0.3555,1820,100
1779291789.271451,0.5229,0.34551,1820,100
1779291789.3094723,0.52849,0.35017,1820,100
1779291789.3477669,0.52885,0.33708,1820,100
1779291789.3970754,0.53218,0.33855,1820,100
1779291789.4373388,0.53344,0.3479,1820,100
1779291789.4791489,0.53103,0.36426,1820,100
1779291789.5174825,0.53056,0.36506,1820,100
1779291789.5540414,0.52753,0.3718,1820,100
1779291789.5984023,0.53027,0.36911,1820,100
1779291789.6454518,0.52546,0.37121,1820,100
1779291789.685348,0.52538,0.36311,1820,100
1779291789.727624,0.52086,0.36418,1820,100
1779291789.7637198,0.51939,0.36291,1820,100
1779291789.8111947,0.5224,0.364,1820,100
1779291789.846465,0.51719,0.35381,1820,100
1779291789.8879173,0.5126,0.35228,1820,100
1779291789.9320264,0.50754,0.35042,1820,100
1779291789.974626,0.53255,0.3629,1820,100
1779291790.0181756,0.51029,0.34235,1820,100
1779291790.0563335,0.5287,0.33856,1820,100
1779291790.0983262,0.52704,0.33354,1820,100
1779291790.1401646,0.54891,0.33052,1820,100
1779291791.2040975,0.51509,0.36433,1820,320
1779291791.2371569,0.53166,0.36057,1820,320
1779291791.2762842,0.53092,0.35746,1820,320
1779291791.3096974,0.52474,0.35862,1820,320
1779291791.357414,0.52342,0.35874,1820,320
1779291791.4039109,0.52388,0.36389,1820,320
1779291791.4382353,0.52266,0.37114,1820,320
1779291791.476264,0.5245,0.36404,1820,320
1779291791.515457,0.52103,0.36293,1820,320
1779291791.553158,0.52408,0.3772,1820,320
1779291791.5838428,0.52562,0.381,1820,320
1779291791.6161711,0.52348,0.37506,1820,320
1779291791.6495547,0.52527,0.38239,1820,320
1779291791.6815557,0.52021,0.38263,1820,320
1779291791.715196,0.52195,0.37673,1820,320
1779291791.7470605,0.52176,0.38131,1820,320
1779291791.7880661,0.5129,0.38315,1820,320
1779291791.8213224,0.51465,0.38243,1820,320
1779291791.853165,0.514,0.38158,1820,320
1779291791.8858907,0.51123,0.37065,1820,320
1779291791.9187405,0.51374,0.37449,1820,320
1779291791.9533582,0.51257,0.37481,1820,320
1779291791.9860163,0.51447,0.3712,1820,320
1779291792.0216918,0.5162,0.37638,1820,320
1779291792.0597372,0.52872,0.36422,1820,320
1779291792.0932755,0.5335,0.36553,1820,320
1779291792.126848,0.51788,0.34398,1820,320
1779291792.1895032,0.49658,0.34705,1820,320
1779291792.2240317,0.50387,0.39782,1820,320
1779291792.2603028,0.50705,0.33742,1820,320
1779291792.2911365,0.51077,0.33636,1820,320
1779291792.3316703,0.51539,0.39024,1820,320
1779291792.3646085,0.52031,0.38645,1820,320
1779291792.3994384,0.51909,0.38285,1820,320
1779291792.4295313,0.52103,0.38329,1820,320
1779291792.4619775,0.52248,0.38228,1820,320
1779291792.5035617,0.52721,0.37745,1820,320
1779291792.531197,0.52963,0.37404,1820,320
1779291792.5688925,0.52958,0.36808,1820,320
1779291792.5997791,0.53306,0.37697,1820,320
1779291792.6330926,0.53086,0.3777,1820,320
1779291792.6700733,0.52826,0.37525,1820,320
1779291792.7045658,0.52567,0.3744,1820,320
1779291792.742493,0.52612,0.37339,1820,320
1779291792.7879722,0.52475,0.37189,1820,320
1779291792.8347318,0.52807,0.37837,1820,320
1779291792.8688767,0.52631,0.37315,1820,320
1779291792.9145963,0.52261,0.35727,1820,320
1779291792.9596643,0.52089,0.35219,1820,320
1779291793.008289,0.52524,0.35471,1820,320
1779291793.0449178,0.5196,0.34793,1820,320
1779291793.0866735,0.51414,0.35235,1820,320
1779291793.133402,0.51493,0.34841,1820,320
1779291793.1737154,0.51386,0.34878,1820,320
1779291794.237679,0.53429,0.37836,1820,540
1779291794.2711778,0.50692,0.36274,1820,540
1779291794.3036456,0.52805,0.37174,1820,540
1779291794.3482358,0.52868,0.37315,1820,540
1779291794.3871372,0.52214,0.3755,1820,540
1779291794.4203823,0.52242,0.37612,1820,540
1779291794.4622505,0.52479,0.37321,1820,540
1779291794.5115106,0.52427,0.36774,1820,540
1779291794.5424469,0.52434,0.37178,1820,540
1779291794.581683,0.52326,0.3821,1820,540
1779291794.612927,0.52403,0.38231,1820,540
1779291794.654001,0.50034,0.3782,1820,540
1779291794.6994565,0.50121,0.38434,1820,540
1779291794.7330055,0.50262,0.37671,1820,540
1779291794.7699387,0.50508,0.38566,1820,540
1779291794.813658,0.50319,0.3885,1820,540
1779291794.8517797,0.50344,0.38374,1820,540
1779291794.894358,0.50497,0.38203,1820,540
1779291794.9419641,0.50133,0.37335,1820,540
1779291794.9765372,0.50922,0.36369,1820,540
1779291795.0084653,0.51618,0.35657,1820,540
1779291795.0549953,0.5222,0.35265,1820,540
1779291795.093767,0.52737,0.3509,1820,540
1779291795.1274846,0.53021,0.35534,1820,540
1779291795.1643968,0.54108,0.41314,1820,540
1779291795.2055752,0.51931,0.40646,1820,540
1779291795.2457933,0.52377,0.40085,1820,540
1779291795.2828884,0.52649,0.40114,1820,540
1779291795.32639,0.53165,0.41274,1820,540
1779291795.363424,0.53372,0.41245,1820,540
1779291795.403608,0.51162,0.40439,1820,540
1779291795.4381156,0.5319,0.39554,1820,540
1779291795.4847596,0.51203,0.39575,1820,540
1779291795.5244792,0.51611,0.39686,1820,540
1779291795.5629826,0.51548,0.40538,1820,540
1779291795.6057303,0.53448,0.39204,1820,540
1779291795.647098,0.53488,0.38309,1820,540
1779291795.677247,0.53257,0.38872,1820,540
1779291795.7169175,0.53402,0.38257,1820,540
1779291795.7574792,0.53052,0.38644,1820,540
1779291795.7896328,0.53242,0.39017,1820,540
1779291795.8253965,0.53264,0.3863,1820,540
1779291795.864015,0.53332,0.38734,1820,540
1779291795.903808,0.50782,0.38405,1820,540
1779291795.939775,0.51056,0.37972,1820,540
1779291795.9822564,0.53546,0.38229,1820,540
1779291796.0297291,0.535,0.38189,1820,540
1779291796.0649126,0.53804,0.37972,1820,540
1779291796.1116872,0.51312,0.37898,1820,540
1779291796.1479228,0.51328,0.37605,1820,540
1779291796.1877341,0.51301,0.37506,1820,540
1779291796.2264535,0.53669,0.37855,1820,540
1779291797.287035,0.535,0.39291,1820,760
1779291797.326147,0.53627,0.39177,1820,760
1779291797.35903,0.53481,0.39163,1820,760
1779291797.4079885,0.5345,0.33464,1820,760
1779291797.4451916,0.52744,0.38862,1820,760
1779291797.4917173,0.52673,0.391,1820,760
1779291797.5365362,0.5259,0.38943,1820,760
1779291797.5753207,0.52618,0.39013,1820,760
1779291797.6200795,0.52498,0.39611,1820,760
1779291797.6622021,0.52573,0.33634,1820,760
1779291797.7078826,0.52196,0.33718,1820,760
1779291797.7405233,0.51981,0.34425,1820,760
1779291797.7791522,0.52048,0.35067,1820,760
1779291797.8168747,0.51924,0.3382,1820,760
1779291797.856614,0.51858,0.34295,1820,760
1779291797.900012,0.52031,0.34025,1820,760
1779291797.9335346,0.52367,0.34988,1820,760
1779291797.9683015,0.52478,0.34671,1820,760
1779291798.0098827,0.528,0.35363,1820,760
1779291798.047982,0.53019,0.34065,1820,760
1779291798.0915325,0.52968,0.33721,1820,760
1779291798.1322806,0.53529,0.38993,1820,760
1779291798.1734176,0.53097,0.38848,1820,760
1779291798.2109263,0.5353,0.39336,1820,760
1779291798.2544787,0.53446,0.3891,1820,760
1779291798.306058,0.51913,0.38024,1820,760
1779291798.34041,0.51916,0.439,1820,760
1779291798.382729,0.52309,0.43278,1820,760
1779291798.4211347,0.52115,0.42812,1820,760
1779291798.459034,0.5242,0.43086,1820,760
1779291798.5096984,0.5214,0.42492,1820,760
1779291798.5481849,0.51907,0.429,1820,760
1779291798.5881426,0.52043,0.41724,1820,760
1779291798.6382174,0.51946,0.42705,1820,760
1779291798.6698682,0.51817,0.42817,1820,760
1779291798.707983,0.51822,0.41725,1820,760
1779291798.7497442,0.51561,0.42206,1820,760
1779291798.7939775,0.51821,0.42274,1820,760
1779291798.8294046,0.51668,0.41651,1820,760
1779291798.8778923,0.51584,0.41914,1820,760
1779291798.9189484,0.51549,0.41314,1820,760
1779291798.9635508,0.51386,0.40603,1820,760
1779291799.006446,0.51383,0.40798,1820,760
1779291799.0393732,0.50939,0.41013,1820,760
1779291799.0850203,0.51162,0.40755,1820,760
1779291799.120665,0.512,0.40349,1820,760
1779291799.1561291,0.51567,0.40083,1820,760
1779291799.1978526,0.51773,0.40045,1820,760
1779291799.243864,0.52065,0.39143,1820,760
1779291799.2814848,0.5193,0.38178,1820,760
1779291800.353578,0.52281,0.37341,1820,980
1779291800.399449,0.51869,0.37538,1820,980
1779291800.4365795,0.51969,0.37602,1820,980
1779291800.4704194,0.5173,0.38002,1820,980
1779291800.508095,0.51834,0.37495,1820,980
1779291800.5543156,0.51566,0.37073,1820,980
1779291800.5891287,0.51744,0.36649,1820,980
1779291800.6261535,0.5162,0.37133,1820,980
1779291800.6686003,0.51453,0.37017,1820,980
1779291800.7002594,0.53877,0.37311,1820,980
1779291800.7436647,0.51169,0.36486,1820,980
1779291800.795562,0.54008,0.37336,1820,980
1779291800.83184,0.53621,0.38363,1820,980
1779291800.872223,0.53244,0.37904,1820,980
1779291800.9154081,0.5324,0.37851,1820,980
1779291800.9573646,0.53045,0.38023,1820,980
1779291800.9976587,0.52755,0.38722,1820,980
1779291801.0359502,0.52223,0.38244,1820,980
1779291801.0719593,0.52837,0.3763,1820,980
1779291801.1089227,0.5247,0.37338,1820,980
1779291801.154231,0.52507,0.36507,1820,980
1779291801.1979709,0.52648,0.36273,1820,980
1779291801.2334287,0.52451,0.37522,1820,980
1779291801.2802463,0.52578,0.3732,1820,980
1779291801.3257835,0.52104,0.37794,1820,980
1779291801.3772457,0.51768,0.37801,1820,980
1779291801.428689,0.51323,0.38095,1820,980
1779291801.469371,0.517,0.38247,1820,980
1779291801.509902,0.51505,0.38516,1820,980
1779291801.5494967,0.51317,0.38162,1820,980
1779291801.5921865,0.50982,0.38419,1820,980
1779291801.629056,0.51361,0.38983,1820,980
1779291801.6693199,0.51097,0.37693,1820,980
1779291801.7095907,0.51344,0.38392,1820,980
1779291801.7547011,0.50857,0.38549,1820,980
1779291801.7949183,0.52896,0.38048,1820,980
1779291801.8370025,0.52929,0.38503,1820,980
1779291801.8794057,0.52792,0.37995,1820,980
1779291801.920494,0.52674,0.37326,1820,980
1779291801.9563835,0.53013,0.3768,1820,980
1779291801.9982407,0.52713,0.38153,1820,980
1779291802.0365493,0.52955,0.38187,1820,980
1779291802.0776703,0.52978,0.38092,1820,980
1779291802.1096725,0.53176,0.3745,1820,980
1779291802.1419597,0.52935,0.37292,1820,980
1779291802.1873505,0.53157,0.38557,1820,980
1779291802.2382019,0.52972,0.38526,1820,980
1779291802.276587,0.52732,0.37292,1820,980
1779291802.3167882,0.52843,0.36404,1820,980
